id_registro,id_maquina,planta,tipo_maquina,turno,temperatura_c,vibracion_mm_s,presion_bar,horas_operacion,antiguedad_anios,dias_desde_mantenimiento,produccion_unidades,tasa_defectos_pct,consumo_energia_kwh,falla_maquina,planta_cod,tipo_maquina_cod,turno_cod,cluster,cluster_nombre,probabilidad_falla,prediccion_falla
MAN-0001,MQ-097,Lima,Empacadora,Mañana,71.8,5.25,7.41,2931,0.2,194,917,4.17,626.15,1,1,1,0,3,Críticas,0.6216640503875878,1
MAN-0002,MQ-175,Arequipa,Prensa,Mañana,88.1,5.84,8.29,3715,3.2,174,825,1.3,581.71,1,0,3,0,3,Críticas,0.8927584414183339,1
MAN-0003,MQ-164,Arequipa,Prensa,Mañana,86.5,2.28,7.71,11531,5.5,82,875,2.58,404.37,0,0,3,0,2,Estándar,0.3312129443123982,0
MAN-0004,MQ-081,Arequipa,Empacadora,Mañana,72.4,5.38,7.17,6132,3.9,208,789,2.95,482.09,0,0,1,0,2,Estándar,0.7450172076850387,1
MAN-0005,MQ-010,Trujillo,Compresor,Noche,82.5,3.23,5.94,7705,3.5,40,517,3.83,669.13,0,2,0,1,1,Alerta,0.24290328773131598,0
MAN-0006,MQ-136,Lima,Prensa,Noche,99.4,4.28,8.7,4247,4.4,122,721,6.2,950.39,1,1,3,1,3,Críticas,0.9001829692056704,1
MAN-0007,MQ-015,Trujillo,Inyectora,Mañana,53.3,3.27,5.4,2536,2.7,9,795,0.98,612.49,0,2,2,0,0,Eficientes,0.019114668642150535,0
MAN-0008,MQ-173,Lima,Compresor,Mañana,67.0,5.19,6.49,10747,6.7,230,783,0.61,444.58,1,1,0,0,2,Estándar,0.7005162549142916,1
MAN-0009,MQ-127,Trujillo,Inyectora,Tarde,79.5,3.57,6.96,8873,6.2,112,983,6.3,714.33,0,2,2,2,1,Alerta,0.5851361305055774,1
MAN-0010,MQ-093,Arequipa,Torno CNC,Noche,89.9,3.81,7.78,2775,3.4,101,883,2.93,575.44,1,0,4,1,3,Críticas,0.6849790018670945,1
MAN-0011,MQ-148,Arequipa,Torno CNC,Mañana,74.8,3.89,8.0,11127,8.3,128,734,2.84,581.15,0,0,4,0,2,Estándar,0.5180590275127831,1
MAN-0012,MQ-015,Trujillo,Empacadora,Tarde,71.8,2.86,6.36,141,0.8,17,476,0.71,465.49,0,2,1,2,0,Eficientes,0.11927603691756984,0
MAN-0013,MQ-118,Trujillo,Prensa,Tarde,81.2,3.79,7.34,11523,6.2,32,1076,3.44,524.75,0,2,3,2,1,Alerta,0.38741001758412313,0
MAN-0014,MQ-094,Lima,Prensa,Tarde,58.0,0.5,7.22,4638,4.7,179,851,4.19,493.7,0,1,3,2,0,Eficientes,0.1524829471314675,0
MAN-0015,MQ-133,Lima,Torno CNC,Mañana,75.0,1.29,7.48,5007,0.2,92,782,4.42,682.89,0,1,4,0,0,Eficientes,0.08475775313578669,0
MAN-0016,MQ-001,Lima,Compresor,Mañana,90.1,8.27,6.95,6787,3.7,240,864,6.44,705.81,1,1,0,0,3,Críticas,0.9793011926937708,1
MAN-0017,MQ-015,Arequipa,Torno CNC,Noche,87.4,4.34,6.16,511,0.9,185,1275,4.48,563.91,0,0,4,1,3,Críticas,0.7630549916799667,1
MAN-0018,MQ-026,Trujillo,Prensa,Tarde,92.7,5.78,5.69,9506,6.6,130,613,4.68,787.7,1,2,3,2,1,Alerta,0.8853001386541961,1
MAN-0019,MQ-074,Arequipa,Torno CNC,Tarde,57.7,3.87,7.51,7615,5.1,161,994,2.84,438.22,1,0,4,2,2,Estándar,0.361810165733254,0
MAN-0020,MQ-052,Lima,Empacadora,Mañana,86.1,4.1,8.0,11490,7.6,104,554,3.73,597.77,1,1,1,0,1,Alerta,0.6781352273474036,1
MAN-0021,MQ-042,Arequipa,Inyectora,Mañana,74.8,5.15,7.04,435,1.3,39,921,3.34,464.55,1,0,2,0,0,Eficientes,0.293001054867697,0
MAN-0022,MQ-040,Lima,Inyectora,Noche,83.2,6.48,6.17,722,0.2,202,1075,3.45,649.71,1,1,2,1,3,Críticas,0.8744773171608452,1
MAN-0023,MQ-088,Lima,Compresor,Noche,79.0,2.59,7.64,7520,4.7,30,1013,3.09,522.46,0,1,0,1,1,Alerta,0.23914717187962747,0
MAN-0024,MQ-133,Trujillo,Torno CNC,Tarde,79.1,4.12,6.78,3377,2.9,220,1008,4.23,520.02,1,2,4,2,3,Críticas,0.7996156164897145,1
MAN-0025,MQ-008,Lima,Inyectora,Tarde,72.0,2.65,7.71,6163,7.1,161,724,0.1,664.01,0,1,2,2,2,Estándar,0.5832242300955259,1
MAN-0026,MQ-115,Trujillo,Torno CNC,Tarde,69.3,7.33,7.51,10702,7.2,171,407,5.2,493.59,1,2,4,2,1,Alerta,0.8751607029118046,1
MAN-0027,MQ-160,Lima,Prensa,Tarde,86.5,5.76,8.25,3079,2.5,148,915,3.47,548.51,1,1,3,2,3,Críticas,0.8994610285707583,1
MAN-0028,MQ-114,Lima,Compresor,Tarde,81.5,6.4,6.77,5029,3.6,232,759,1.76,583.36,0,1,0,2,3,Críticas,0.9480655180043593,1
MAN-0029,MQ-116,Trujillo,Compresor,Mañana,57.4,2.95,6.96,6789,3.7,217,747,3.38,568.13,0,2,0,0,0,Eficientes,0.2626159783749893,0
MAN-0030,MQ-114,Lima,Torno CNC,Mañana,66.8,4.28,6.59,11277,9.2,80,866,4.89,445.36,1,1,4,0,2,Estándar,0.26024795975858517,0
MAN-0031,MQ-178,Trujillo,Compresor,Tarde,68.0,6.62,7.17,9949,8.6,73,848,1.71,716.74,0,2,0,2,1,Alerta,0.6878737817581196,1
MAN-0032,MQ-044,Trujillo,Empacadora,Tarde,73.6,4.5,6.73,11241,8.8,106,481,4.5,730.13,0,2,1,2,1,Alerta,0.617946290259703,1
MAN-0033,MQ-128,Arequipa,Prensa,Tarde,76.7,3.52,7.12,8132,5.8,181,976,2.33,653.13,1,0,3,2,2,Estándar,0.6996575206738544,1
MAN-0034,MQ-102,Arequipa,Prensa,Tarde,85.7,3.65,5.93,1021,4.3,167,1028,6.23,705.36,1,0,3,2,3,Críticas,0.7874250392403288,1
MAN-0035,MQ-141,Trujillo,Inyectora,Tarde,84.1,6.59,6.01,1141,0.8,166,1228,3.32,813.44,0,2,2,2,3,Críticas,0.8713250871945382,1
MAN-0036,MQ-147,Lima,Compresor,Tarde,96.8,5.66,6.04,5152,4.6,69,836,6.9,680.57,0,1,0,2,3,Críticas,0.8696382661313916,1
MAN-0037,MQ-037,Lima,Inyectora,Tarde,66.6,5.49,6.63,5711,3.1,166,952,4.51,509.56,1,1,2,2,3,Críticas,0.63005971424932,1
MAN-0038,MQ-033,Lima,Prensa,Noche,67.9,3.78,8.0,5376,3.1,166,528,3.32,730.11,1,1,3,1,3,Críticas,0.4591028859597127,0
MAN-0039,MQ-023,Trujillo,Prensa,Tarde,85.2,2.45,7.02,3157,3.3,109,586,4.49,557.24,0,2,3,2,0,Eficientes,0.5143256658374441,1
MAN-0040,MQ-057,Arequipa,Torno CNC,Mañana,72.2,2.37,5.25,10648,8.9,3,733,6.24,678.83,0,0,4,0,1,Alerta,0.06706919994619154,0
MAN-0041,MQ-001,Trujillo,Prensa,Mañana,69.9,4.69,9.13,5205,4.8,68,589,5.38,496.76,1,2,3,0,0,Eficientes,0.387229040320788,0
MAN-0042,MQ-022,Arequipa,Prensa,Mañana,66.5,6.14,6.97,4060,5.0,91,689,1.78,542.49,0,0,3,0,2,Estándar,0.43828929943985656,0
MAN-0043,MQ-145,Trujillo,Compresor,Mañana,61.9,1.89,7.02,6436,1.9,72,834,1.67,571.69,0,2,0,0,0,Eficientes,0.04661476003269296,0
MAN-0044,MQ-049,Lima,Torno CNC,Mañana,73.2,7.45,6.55,6677,3.1,211,876,3.07,553.06,1,1,4,0,3,Críticas,0.8234322860502507,1
MAN-0045,MQ-064,Lima,Prensa,Mañana,73.3,7.66,7.34,5813,2.7,71,850,2.91,538.13,1,1,3,0,3,Críticas,0.5808823970415732,1
MAN-0046,MQ-128,Trujillo,Empacadora,Mañana,64.5,6.45,6.75,8656,4.9,143,998,0.25,560.05,0,2,1,0,2,Estándar,0.5144905787675244,1
MAN-0047,MQ-003,Arequipa,Compresor,Tarde,74.0,5.87,6.88,8581,6.6,29,784,3.3,472.84,0,0,0,2,1,Alerta,0.5602572152638057,1
MAN-0048,MQ-038,Arequipa,Compresor,Tarde,80.1,1.9,4.63,917,0.6,206,1052,2.28,491.41,0,0,0,2,0,Eficientes,0.4827214555953098,0
MAN-0049,MQ-097,Lima,Empacadora,Mañana,57.8,5.02,7.41,6804,6.6,203,503,2.53,811.75,0,1,1,0,2,Estándar,0.540027838552598,1
MAN-0050,MQ-146,Arequipa,Compresor,Mañana,79.0,3.32,9.12,3001,5.5,189,1221,1.81,406.94,1,0,0,0,0,Eficientes,0.7915627614640245,1
MAN-0051,MQ-163,Trujillo,Inyectora,Mañana,68.5,2.41,5.44,5091,4.0,166,675,0.41,323.83,1,2,2,0,0,Eficientes,0.19448858511497544,0
MAN-0052,MQ-077,Arequipa,Compresor,Noche,58.7,0.83,4.9,6070,3.3,196,1063,4.09,356.77,0,0,0,1,2,Estándar,0.09964330861736027,0
MAN-0053,MQ-172,Trujillo,Empacadora,Mañana,84.7,6.15,7.64,5323,1.7,143,512,3.86,661.27,1,2,1,0,3,Críticas,0.7903390541994499,1
MAN-0054,MQ-082,Lima,Torno CNC,Mañana,69.6,5.08,7.01,7235,3.9,196,689,3.51,687.53,1,1,4,0,3,Críticas,0.5717238787950014,1
MAN-0055,MQ-066,Trujillo,Empacadora,Noche,79.4,1.57,5.91,8889,7.3,122,816,2.59,479.11,1,2,1,1,2,Estándar,0.3188672207882742,0
MAN-0056,MQ-027,Lima,Prensa,Mañana,71.1,0.5,4.86,9352,5.4,151,985,1.8,299.42,0,1,3,0,2,Estándar,0.08425585751176762,0
MAN-0057,MQ-032,Trujillo,Torno CNC,Noche,76.3,3.47,7.26,10922,6.9,112,765,3.91,389.72,0,2,4,1,2,Estándar,0.432637275231423,0
MAN-0058,MQ-134,Arequipa,Inyectora,Mañana,64.4,4.35,6.56,9534,7.5,26,589,2.71,631.25,0,0,2,0,2,Estándar,0.13735841980904992,0
MAN-0059,MQ-108,Arequipa,Prensa,Tarde,67.2,6.01,7.37,7435,5.1,85,764,3.65,570.34,0,0,3,2,2,Estándar,0.5531961898782575,1
MAN-0060,MQ-069,Trujillo,Inyectora,Mañana,75.0,2.13,8.21,3614,4.5,125,535,1.14,750.45,0,2,2,0,0,Eficientes,0.31385626791635435,0
MAN-0061,MQ-077,Trujillo,Prensa,Tarde,79.8,5.42,7.58,5356,1.1,41,888,0.59,640.75,0,2,3,2,0,Eficientes,0.4598281964188099,0
MAN-0062,MQ-039,Arequipa,Prensa,Noche,72.9,5.31,5.96,4542,1.0,168,961,6.13,667.92,1,0,3,1,3,Críticas,0.5547482520044672,1
MAN-0063,MQ-061,Lima,Empacadora,Tarde,75.4,4.27,6.6,3088,4.7,70,761,1.7,460.87,0,1,1,2,0,Eficientes,0.48466716872239035,0
MAN-0064,MQ-023,Trujillo,Torno CNC,Mañana,67.2,5.02,7.3,2499,1.1,160,683,1.79,551.45,0,2,4,0,0,Eficientes,0.3949263211672373,0
MAN-0065,MQ-058,Lima,Empacadora,Noche,83.5,4.14,8.04,5817,6.6,194,796,4.97,651.31,1,1,1,1,1,Alerta,0.8839181289013973,1
MAN-0066,MQ-116,Lima,Inyectora,Mañana,69.3,6.19,7.49,11544,7.9,35,791,2.79,719.55,0,1,2,0,1,Alerta,0.3838081504331263,0
MAN-0067,MQ-024,Lima,Prensa,Tarde,59.9,5.33,6.82,10773,8.4,78,922,2.87,452.99,0,1,3,2,2,Estándar,0.3694005069689221,0
MAN-0068,MQ-111,Lima,Empacadora,Noche,68.3,6.28,6.11,5960,5.2,80,883,4.05,599.22,0,1,1,1,1,Alerta,0.48952015029989604,0
MAN-0069,MQ-076,Trujillo,Torno CNC,Tarde,54.9,3.93,4.66,7653,3.1,106,994,1.99,598.23,0,2,4,2,0,Eficientes,0.08425089493958715,0
MAN-0070,MQ-092,Trujillo,Empacadora,Tarde,72.9,6.68,6.77,2599,2.4,90,739,6.18,628.89,1,2,1,2,3,Críticas,0.6866954842780378,1
MAN-0071,MQ-132,Arequipa,Inyectora,Noche,71.5,2.35,7.18,9020,8.1,75,714,1.13,536.82,0,0,2,1,2,Estándar,0.24421028387098753,0
MAN-0072,MQ-029,Trujillo,Empacadora,Mañana,63.2,7.52,6.46,11971,7.6,201,1072,3.58,472.75,1,2,1,0,1,Alerta,0.7807874847113118,1
MAN-0073,MQ-135,Trujillo,Empacadora,Mañana,55.5,3.88,7.0,7609,4.8,58,639,1.23,708.13,0,2,1,0,0,Eficientes,0.07474291415023736,0
MAN-0074,MQ-020,Lima,Prensa,Noche,64.0,1.59,5.75,410,3.5,93,1077,3.77,357.92,0,1,3,1,0,Eficientes,0.08708406569411431,0
MAN-0075,MQ-074,Trujillo,Prensa,Mañana,61.0,6.65,5.46,11556,5.2,74,317,2.75,623.36,0,2,3,0,1,Alerta,0.20386691014231378,0
MAN-0076,MQ-018,Trujillo,Torno CNC,Mañana,75.5,4.26,8.4,5439,4.5,219,1347,3.94,621.76,0,2,4,0,3,Críticas,0.7485418809803859,1
MAN-0077,MQ-075,Lima,Compresor,Noche,69.2,5.72,6.14,358,2.0,76,861,3.62,546.7,0,1,0,1,0,Eficientes,0.41202177326095735,0
MAN-0078,MQ-145,Trujillo,Inyectora,Tarde,68.6,7.0,7.29,6365,4.5,218,867,4.17,600.45,1,2,2,2,3,Críticas,0.8969319442494389,1
MAN-0079,MQ-160,Arequipa,Torno CNC,Mañana,54.2,4.46,7.18,8093,4.1,87,782,1.97,646.18,0,0,4,0,2,Estándar,0.09734402811938328,0
MAN-0080,MQ-004,Lima,Compresor,Mañana,84.9,2.26,7.69,9842,5.7,117,1029,1.85,740.22,1,1,0,0,1,Alerta,0.4446477664141564,0
MAN-0081,MQ-076,Arequipa,Torno CNC,Mañana,63.7,6.31,8.35,300,0.2,7,766,4.74,611.79,0,0,4,0,3,Críticas,0.1861604091325253,0
MAN-0082,MQ-092,Trujillo,Prensa,Tarde,65.7,5.04,4.29,2780,3.7,45,676,1.9,615.25,0,2,3,2,0,Eficientes,0.17902059802918657,0
MAN-0083,MQ-118,Arequipa,Compresor,Noche,72.1,3.2,8.31,3450,2.0,166,796,1.53,630.77,1,0,0,1,0,Eficientes,0.5247971285612374,1
MAN-0084,MQ-111,Lima,Inyectora,Tarde,71.4,3.73,7.86,7021,4.2,134,957,2.96,582.78,0,1,2,2,2,Estándar,0.5257745511504114,1
MAN-0085,MQ-095,Trujillo,Torno CNC,Noche,71.4,7.48,7.3,3038,3.3,6,909,5.17,713.0,0,2,4,1,3,Críticas,0.45579026728754923,0
MAN-0086,MQ-176,Trujillo,Compresor,Mañana,69.4,5.15,5.47,9858,5.1,116,740,1.89,694.25,1,2,0,0,1,Alerta,0.32918161201073876,0
MAN-0087,MQ-164,Trujillo,Inyectora,Mañana,68.3,5.65,5.62,4267,3.7,89,751,3.19,631.83,0,2,2,0,0,Eficientes,0.30032358433453743,0
MAN-0088,MQ-011,Arequipa,Empacadora,Mañana,70.9,3.05,5.79,8070,6.2,222,864,3.25,705.89,0,0,1,0,2,Estándar,0.5002271221543773,1
MAN-0089,MQ-117,Trujillo,Compresor,Noche,84.7,4.33,5.57,10385,4.7,58,964,0.47,536.41,0,2,0,1,1,Alerta,0.3994057552530437,0
MAN-0090,MQ-107,Lima,Prensa,Noche,78.6,2.15,8.7,7431,3.8,179,853,4.01,353.57,0,1,3,1,0,Eficientes,0.5610930001824225,1
MAN-0091,MQ-029,Lima,Torno CNC,Mañana,66.2,3.32,7.21,2399,3.9,191,1229,3.36,506.55,0,1,4,0,0,Eficientes,0.3898564804823049,0
MAN-0092,MQ-057,Arequipa,Inyectora,Tarde,65.9,4.92,5.67,3242,0.2,223,848,1.82,547.43,1,0,2,2,0,Eficientes,0.5856190615324957,1
MAN-0093,MQ-071,Arequipa,Inyectora,Noche,93.5,2.21,7.02,8109,4.7,212,807,1.08,352.08,1,0,2,1,2,Estándar,0.805798290725865,1
MAN-0094,MQ-126,Lima,Prensa,Noche,80.5,2.34,9.21,4064,5.9,163,1169,2.68,453.2,1,1,3,1,0,Eficientes,0.6968652487803454,1
MAN-0095,MQ-139,Trujillo,Prensa,Tarde,52.0,4.19,8.83,4543,5.1,61,719,5.36,592.68,1,2,3,2,0,Eficientes,0.1910615074367484,0
MAN-0096,MQ-019,Trujillo,Empacadora,Mañana,73.7,6.7,7.52,11546,7.2,158,864,2.44,484.58,1,2,1,0,1,Alerta,0.7982653576415734,1
MAN-0097,MQ-026,Lima,Prensa,Tarde,75.1,5.27,5.43,7863,7.9,150,732,3.45,729.1,1,1,3,2,1,Alerta,0.7369802249803916,1
MAN-0098,MQ-078,Arequipa,Inyectora,Tarde,78.6,2.02,6.01,11686,7.8,82,937,2.32,809.19,0,0,2,2,1,Alerta,0.29448755082905975,0
MAN-0099,MQ-008,Lima,Torno CNC,Noche,59.9,3.44,8.27,1853,0.2,70,922,2.9,364.64,0,1,4,1,0,Eficientes,0.10726553682186489,0
MAN-0100,MQ-088,Trujillo,Torno CNC,Tarde,65.0,4.64,6.23,9815,7.8,2,821,1.32,566.69,1,2,4,2,1,Alerta,0.16579847720331273,0
MAN-0101,MQ-098,Trujillo,Torno CNC,Mañana,68.4,3.51,6.93,3360,1.8,140,1065,3.03,514.21,1,2,4,0,0,Eficientes,0.22832253033565464,0
MAN-0102,MQ-028,Trujillo,Prensa,Mañana,74.2,4.36,7.02,11632,7.4,115,915,2.22,764.86,0,2,3,0,1,Alerta,0.4203076387029931,0
MAN-0103,MQ-123,Lima,Inyectora,Noche,87.9,2.32,5.91,9450,6.1,150,823,2.56,670.98,0,1,2,1,1,Alerta,0.5539337932778536,1
MAN-0104,MQ-035,Lima,Empacadora,Noche,55.4,0.5,7.2,3248,2.6,164,777,1.83,280.16,0,1,1,1,0,Eficientes,0.07844537944151565,0
MAN-0105,MQ-018,Arequipa,Torno CNC,Mañana,84.1,7.45,8.12,7209,3.0,128,881,2.89,609.83,1,0,4,0,3,Críticas,0.850165300295493,1
MAN-0106,MQ-016,Arequipa,Prensa,Mañana,59.1,3.52,6.82,1418,1.2,118,741,2.29,254.3,0,0,3,0,0,Eficientes,0.12139025851635382,0
MAN-0107,MQ-035,Trujillo,Compresor,Mañana,71.7,6.92,8.27,8229,9.0,21,893,3.38,654.27,1,2,0,0,1,Alerta,0.6152991221257721,1
MAN-0108,MQ-180,Trujillo,Prensa,Noche,77.3,6.16,6.6,5270,0.7,127,1088,2.53,525.36,0,2,3,1,0,Eficientes,0.6008856113537998,1
MAN-0109,MQ-035,Lima,Inyectora,Tarde,88.2,5.77,6.96,220,1.6,209,712,3.49,516.13,0,1,2,2,3,Críticas,0.9411550320520528,1
MAN-0110,MQ-102,Arequipa,Compresor,Tarde,76.1,7.39,7.86,10130,9.6,109,847,1.7,514.08,0,0,0,2,1,Alerta,0.921354201040083,1
MAN-0111,MQ-077,Lima,Torno CNC,Mañana,76.2,5.33,6.1,11600,4.5,238,798,3.52,724.75,0,1,4,0,2,Estándar,0.7246636677392082,1
MAN-0112,MQ-010,Lima,Torno CNC,Mañana,72.0,3.26,4.89,2071,1.8,33,875,1.46,610.31,0,1,4,0,0,Eficientes,0.06457811202198085,0
MAN-0113,MQ-110,Lima,Empacadora,Tarde,74.7,4.44,7.1,1105,2.3,135,1026,2.5,439.19,0,1,1,2,0,Eficientes,0.6408424790496718,1
MAN-0114,MQ-151,Trujillo,Inyectora,Noche,84.2,7.87,7.8,7705,7.3,196,871,3.45,723.07,1,2,2,1,1,Alerta,0.9712006474117211,1
MAN-0115,MQ-116,Trujillo,Torno CNC,Noche,83.8,1.96,5.29,9271,7.4,193,862,2.65,643.72,0,2,4,1,2,Estándar,0.5358665398120348,1
MAN-0116,MQ-143,Arequipa,Torno CNC,Mañana,68.8,0.5,7.07,9735,5.5,104,1014,5.57,491.16,0,0,4,0,2,Estándar,0.07263561886553328,0
MAN-0117,MQ-134,Lima,Prensa,Tarde,65.5,7.46,5.81,11519,7.6,29,847,2.12,608.69,0,1,3,2,1,Alerta,0.45341490393728184,0
MAN-0118,MQ-030,Lima,Empacadora,Mañana,75.5,7.28,7.19,2365,2.2,182,860,3.86,549.33,0,1,1,0,3,Críticas,0.8522865123648656,1
MAN-0119,MQ-061,Arequipa,Inyectora,Mañana,73.7,2.5,5.25,4620,4.7,215,1137,2.25,476.07,0,0,2,0,2,Estándar,0.41876719321783323,0
MAN-0120,MQ-179,Arequipa,Empacadora,Tarde,65.8,3.9,4.76,1359,2.8,154,754,2.01,738.24,0,0,1,2,3,Críticas,0.36074228583468265,0
MAN-0121,MQ-119,Trujillo,Torno CNC,Noche,76.9,2.03,5.73,9839,8.1,190,942,1.57,574.54,0,2,4,1,2,Estándar,0.4547048547502063,0
MAN-0122,MQ-163,Arequipa,Torno CNC,Mañana,76.3,5.15,5.75,9108,5.1,8,1009,1.09,610.71,0,0,4,0,2,Estándar,0.18095313433894702,0
MAN-0123,MQ-080,Arequipa,Empacadora,Mañana,77.0,3.92,6.59,3476,5.8,189,666,1.72,651.44,1,0,1,0,2,Estándar,0.6863412004671379,1
MAN-0124,MQ-177,Arequipa,Compresor,Mañana,75.4,6.93,4.14,8761,5.3,133,1314,4.91,590.01,1,0,0,0,1,Alerta,0.6347876998101867,1
MAN-0125,MQ-101,Arequipa,Empacadora,Tarde,60.9,2.3,6.31,3887,3.6,14,745,4.7,588.83,0,0,1,2,0,Eficientes,0.06076541937112128,0
MAN-0126,MQ-125,Arequipa,Torno CNC,Mañana,75.1,3.87,6.16,10506,7.6,172,786,1.98,436.74,0,0,4,0,2,Estándar,0.5190370204283337,1
MAN-0127,MQ-149,Trujillo,Inyectora,Mañana,67.2,7.87,8.12,11794,9.3,138,557,1.42,512.08,1,2,2,0,1,Alerta,0.8230571693762153,1
MAN-0128,MQ-076,Lima,Torno CNC,Tarde,76.5,4.95,7.2,700,0.6,239,683,2.3,630.08,0,1,4,2,3,Críticas,0.8409674778715187,1
MAN-0129,MQ-139,Trujillo,Compresor,Noche,70.6,4.21,8.27,7124,4.4,43,880,3.59,381.82,0,2,0,1,0,Eficientes,0.31241009022350497,0
MAN-0130,MQ-162,Lima,Inyectora,Noche,89.9,3.99,4.26,8774,6.3,81,943,3.29,772.3,0,1,2,1,1,Alerta,0.4965539070924987,0
MAN-0131,MQ-121,Lima,Empacadora,Mañana,64.4,3.43,7.71,7275,8.7,235,922,0.41,500.75,0,1,1,0,2,Estándar,0.653933322799619,1
MAN-0132,MQ-124,Trujillo,Empacadora,Tarde,74.0,6.53,4.79,6999,1.6,196,709,3.44,665.25,0,2,1,2,3,Críticas,0.7539833019322812,1
MAN-0133,MQ-006,Arequipa,Inyectora,Noche,92.5,4.3,4.33,11726,10.4,102,780,1.27,623.75,1,0,2,1,1,Alerta,0.7280539103983793,1
MAN-0134,MQ-011,Lima,Empacadora,Tarde,62.3,5.67,8.69,4597,3.4,113,616,1.84,547.03,0,1,1,2,0,Eficientes,0.5787499565437287,1
MAN-0135,MQ-128,Arequipa,Compresor,Noche,88.8,7.41,7.87,1355,3.5,161,914,5.21,623.58,1,0,0,1,3,Críticas,0.964173179003482,1
MAN-0136,MQ-113,Trujillo,Inyectora,Tarde,67.6,1.57,6.98,2864,0.5,16,1129,2.39,479.6,0,2,2,2,0,Eficientes,0.05076082475944345,0
MAN-0137,MQ-179,Lima,Prensa,Noche,61.0,2.09,5.14,11261,7.9,174,997,3.3,556.35,0,1,3,1,2,Estándar,0.1731313742850786,0
MAN-0138,MQ-023,Arequipa,Inyectora,Tarde,63.8,0.99,7.14,667,0.2,65,816,2.02,626.05,0,0,2,2,0,Eficientes,0.05955544325641041,0
MAN-0139,MQ-046,Arequipa,Empacadora,Mañana,78.8,1.8,6.77,11975,8.5,158,682,2.9,719.51,1,0,1,0,2,Estándar,0.41538334092821017,0
MAN-0140,MQ-123,Lima,Compresor,Tarde,55.9,1.66,4.21,11391,7.8,41,1072,3.8,482.32,0,1,0,2,2,Estándar,0.03481714514613197,0
MAN-0141,MQ-147,Trujillo,Inyectora,Noche,79.9,8.58,8.29,6548,2.4,10,753,3.84,730.2,1,2,2,1,3,Críticas,0.7240196253905015,1
MAN-0142,MQ-055,Trujillo,Empacadora,Mañana,90.7,3.11,5.5,6133,4.5,69,832,4.56,490.2,0,2,1,0,1,Alerta,0.37956915411866343,0
MAN-0143,MQ-090,Arequipa,Empacadora,Mañana,68.8,4.44,4.76,10037,6.9,119,1135,1.86,491.73,0,0,1,0,2,Estándar,0.2830684773574471,0
MAN-0144,MQ-108,Arequipa,Compresor,Mañana,56.7,8.05,7.94,5281,2.5,52,1006,4.62,269.17,0,0,0,0,0,Eficientes,0.3859609757274111,0
MAN-0145,MQ-088,Arequipa,Torno CNC,Tarde,66.3,4.62,6.45,9792,5.2,186,626,4.05,510.8,1,0,4,2,2,Estándar,0.574428014640523,1
MAN-0146,MQ-077,Arequipa,Torno CNC,Tarde,66.3,7.74,6.19,2837,5.9,236,855,4.42,609.84,1,0,4,2,3,Críticas,0.9289865070415808,1
MAN-0147,MQ-032,Trujillo,Inyectora,Noche,81.9,5.16,8.82,2379,0.4,115,738,3.41,552.96,0,2,2,1,0,Eficientes,0.7047425726277846,1
MAN-0148,MQ-102,Trujillo,Prensa,Tarde,52.7,3.6,4.33,3725,3.5,214,709,3.5,578.95,0,2,3,2,0,Eficientes,0.2274903839096907,0
MAN-0149,MQ-037,Lima,Empacadora,Tarde,66.3,5.0,4.45,8852,6.4,199,686,3.18,799.98,1,1,1,2,1,Alerta,0.6134153736906924,1
MAN-0150,MQ-050,Trujillo,Empacadora,Mañana,71.9,6.79,5.77,846,0.2,210,913,2.35,560.25,1,2,1,0,3,Críticas,0.7328286491657083,1
MAN-0151,MQ-066,Trujillo,Compresor,Noche,94.0,4.6,5.65,2644,1.9,180,586,5.09,765.86,0,2,0,1,3,Críticas,0.8553756269418399,1
MAN-0152,MQ-050,Lima,Prensa,Tarde,82.7,5.74,6.89,3133,2.7,4,653,3.79,396.5,0,1,3,2,0,Eficientes,0.514076949713975,1
MAN-0153,MQ-027,Lima,Empacadora,Noche,69.8,4.67,8.42,10409,6.9,201,882,3.76,671.2,0,1,1,1,1,Alerta,0.7770377831738917,1
MAN-0154,MQ-014,Trujillo,Prensa,Tarde,64.5,4.54,8.66,10728,4.2,141,616,3.3,477.35,0,2,3,2,2,Estándar,0.49205445167551204,0
MAN-0155,MQ-004,Lima,Torno CNC,Mañana,70.0,3.89,8.76,7457,4.5,39,984,1.38,631.63,0,1,4,0,2,Estándar,0.18667205204242837,0
MAN-0156,MQ-141,Lima,Empacadora,Tarde,69.4,7.77,6.22,11387,9.1,237,771,3.68,455.36,0,1,1,2,2,Estándar,0.9523832316925557,1
MAN-0157,MQ-049,Arequipa,Torno CNC,Tarde,84.4,4.42,7.46,539,0.2,236,796,5.67,628.42,1,0,4,2,3,Críticas,0.8868473571082872,1
MAN-0158,MQ-050,Arequipa,Empacadora,Mañana,76.8,5.25,6.68,10281,4.9,117,1016,2.83,735.94,0,0,1,0,1,Alerta,0.5258051100485247,1
MAN-0159,MQ-035,Lima,Inyectora,Noche,76.6,3.21,3.89,11802,8.7,22,909,3.7,622.79,0,1,2,1,1,Alerta,0.140134176047514,0
MAN-0160,MQ-135,Trujillo,Torno CNC,Noche,77.8,5.3,5.71,8364,7.6,88,807,2.27,675.5,0,2,4,1,1,Alerta,0.5389585889126953,1
MAN-0161,MQ-144,Trujillo,Inyectora,Tarde,90.2,6.53,6.51,3961,5.4,145,689,2.55,586.64,1,2,2,2,3,Críticas,0.9377291799526383,1
MAN-0162,MQ-011,Lima,Prensa,Mañana,64.8,3.14,5.68,765,0.2,9,869,2.94,247.23,0,1,3,0,0,Eficientes,0.03434113817737209,0
MAN-0163,MQ-080,Arequipa,Prensa,Tarde,71.3,2.62,7.04,10692,7.0,74,879,3.11,816.56,1,0,3,2,1,Alerta,0.2520843399805611,0
MAN-0164,MQ-065,Lima,Prensa,Noche,86.0,5.23,7.43,694,2.5,126,881,4.02,443.7,1,1,3,1,3,Críticas,0.7943616483977256,1
MAN-0165,MQ-100,Trujillo,Torno CNC,Noche,69.6,5.16,5.71,11590,7.8,181,688,5.95,582.92,0,2,4,1,1,Alerta,0.6184836260262536,1
MAN-0166,MQ-039,Lima,Inyectora,Noche,62.1,1.78,6.15,2402,3.9,96,718,5.3,413.22,0,1,2,1,0,Eficientes,0.09631171490093098,0
MAN-0167,MQ-168,Trujillo,Empacadora,Mañana,78.0,1.25,7.91,1657,0.9,90,1008,1.27,648.41,0,2,1,0,0,Eficientes,0.1505611487393706,0
MAN-0168,MQ-117,Trujillo,Compresor,Tarde,87.8,5.07,7.76,4793,3.0,209,390,3.16,487.16,1,2,0,2,3,Críticas,0.9363266130480509,1
MAN-0169,MQ-017,Lima,Torno CNC,Mañana,80.0,4.19,3.97,689,0.8,217,1189,0.1,452.86,1,1,4,0,0,Eficientes,0.5072178269709764,1
MAN-0170,MQ-158,Lima,Torno CNC,Noche,76.4,4.72,6.51,9259,4.9,153,753,1.89,617.67,0,1,4,1,2,Estándar,0.5801900544411549,1
MAN-0171,MQ-116,Arequipa,Empacadora,Tarde,87.3,4.13,5.62,4096,2.7,143,691,4.59,536.12,0,0,1,2,3,Críticas,0.7367831106983014,1
MAN-0172,MQ-089,Trujillo,Compresor,Mañana,67.3,3.93,8.11,2991,2.0,60,803,2.1,569.31,0,2,0,0,0,Eficientes,0.19050547651790253,0
MAN-0173,MQ-129,Lima,Torno CNC,Mañana,51.7,5.29,6.16,11066,7.4,104,1159,1.99,674.5,0,1,4,0,2,Estándar,0.13912130533532951,0
MAN-0174,MQ-113,Arequipa,Torno CNC,Tarde,76.2,5.35,5.93,10867,6.9,118,549,1.68,420.43,0,0,4,2,2,Estándar,0.6430876941602891,1
MAN-0175,MQ-009,Arequipa,Empacadora,Noche,91.7,5.77,6.24,9100,7.5,107,639,8.23,683.32,1,0,1,1,1,Alerta,0.8765953052354264,1
MAN-0176,MQ-066,Trujillo,Compresor,Tarde,71.6,1.87,6.65,3361,5.1,65,881,3.92,695.06,0,2,0,2,0,Eficientes,0.2115357623262018,0
MAN-0177,MQ-162,Lima,Torno CNC,Noche,79.5,4.91,5.82,1364,4.8,4,1021,2.21,713.01,0,1,4,1,3,Críticas,0.3092746828975477,0
MAN-0178,MQ-163,Arequipa,Torno CNC,Mañana,91.5,3.26,7.98,11073,5.3,174,945,4.0,732.92,1,0,4,0,1,Alerta,0.7434742321396433,1
MAN-0179,MQ-156,Trujillo,Compresor,Noche,90.8,7.31,6.23,930,0.2,56,931,4.6,787.3,1,2,0,1,3,Críticas,0.78921320712877,1
MAN-0180,MQ-066,Trujillo,Torno CNC,Tarde,83.3,3.47,7.86,4341,4.2,98,663,3.06,534.87,1,2,4,2,0,Eficientes,0.6029763273693263,1
MAN-0181,MQ-002,Arequipa,Compresor,Noche,82.9,3.0,6.25,8489,7.2,7,872,4.42,729.52,0,0,0,1,1,Alerta,0.27663190495558393,0
MAN-0182,MQ-062,Arequipa,Empacadora,Mañana,85.5,0.5,6.58,2770,0.5,38,838,6.91,647.23,0,0,1,0,3,Críticas,0.08552139285982485,0
MAN-0183,MQ-138,Arequipa,Compresor,Tarde,62.8,4.02,5.71,10381,6.6,96,1083,3.02,590.35,1,0,0,2,2,Estándar,0.2728050949216585,0
MAN-0184,MQ-070,Trujillo,Compresor,Noche,64.1,5.95,8.02,10088,7.9,223,713,2.65,506.64,0,2,0,1,2,Estándar,0.850036150348669,1
MAN-0185,MQ-164,Lima,Prensa,Mañana,68.9,2.88,8.97,639,0.2,104,679,1.0,502.17,0,1,3,0,0,Eficientes,0.19838076668550977,0
MAN-0186,MQ-089,Trujillo,Inyectora,Tarde,64.0,2.21,4.57,8388,5.6,198,960,4.01,622.19,0,2,2,2,2,Estándar,0.26443233210125217,0
MAN-0187,MQ-086,Trujillo,Compresor,Mañana,63.7,5.81,5.51,3919,5.9,34,703,2.48,580.94,1,2,0,0,1,Alerta,0.21591063638393473,0
MAN-0188,MQ-116,Trujillo,Empacadora,Mañana,68.4,2.36,4.94,8740,6.0,195,1050,0.1,485.51,0,2,1,0,2,Estándar,0.24699771783817562,0
MAN-0189,MQ-078,Arequipa,Compresor,Tarde,96.3,5.25,6.95,207,0.2,182,1052,3.65,812.91,1,0,0,2,3,Críticas,0.9396966231562098,1
MAN-0190,MQ-099,Trujillo,Empacadora,Mañana,72.3,2.08,7.44,1697,0.6,100,751,3.13,576.62,0,2,1,0,0,Eficientes,0.1443994871228643,0
MAN-0191,MQ-121,Trujillo,Torno CNC,Tarde,70.7,2.66,5.35,738,0.2,203,753,1.38,579.2,0,2,4,2,0,Eficientes,0.3430606702931661,0
MAN-0192,MQ-004,Lima,Prensa,Noche,62.1,5.43,5.29,10247,8.5,46,1286,4.76,638.71,0,1,3,1,1,Alerta,0.21680258251623613,0
MAN-0193,MQ-082,Lima,Compresor,Tarde,58.3,4.59,5.81,9136,6.7,239,1036,2.41,526.43,1,1,0,2,2,Estándar,0.6443117355489626,1
MAN-0194,MQ-180,Arequipa,Prensa,Noche,84.1,4.32,6.66,3523,2.7,80,743,3.63,545.72,0,0,3,1,3,Críticas,0.5090428693211224,1
MAN-0195,MQ-138,Trujillo,Empacadora,Tarde,71.1,3.74,7.86,1367,3.7,201,827,3.13,356.69,0,2,1,2,0,Eficientes,0.7511812090520498,1
MAN-0196,MQ-171,Arequipa,Inyectora,Tarde,66.9,3.13,5.9,11757,8.9,194,709,2.43,562.01,0,0,2,2,2,Estándar,0.5427079038368241,1
MAN-0197,MQ-098,Arequipa,Prensa,Noche,75.8,2.7,8.22,6953,5.6,183,650,2.59,693.55,0,0,3,1,2,Estándar,0.6124008178088483,1
MAN-0198,MQ-144,Arequipa,Torno CNC,Mañana,46.8,2.76,6.45,8254,3.6,18,628,1.36,465.19,0,0,4,0,2,Estándar,0.011277948858529055,0
MAN-0199,MQ-036,Trujillo,Torno CNC,Noche,71.0,4.51,6.3,947,1.6,183,542,1.11,477.33,0,2,4,1,0,Eficientes,0.5180221211600482,1
MAN-0200,MQ-011,Trujillo,Prensa,Noche,87.9,5.62,6.88,7876,3.1,198,1159,3.38,714.32,1,2,3,1,3,Críticas,0.8770673117832486,1
MAN-0201,MQ-150,Lima,Torno CNC,Noche,70.9,4.91,4.91,6326,2.9,146,940,4.67,504.73,0,1,4,1,3,Críticas,0.3766468517099258,0
MAN-0202,MQ-088,Lima,Empacadora,Noche,68.2,4.98,6.06,168,0.2,27,1025,2.17,703.1,0,1,1,1,0,Eficientes,0.16136629260638885,0
MAN-0203,MQ-147,Arequipa,Empacadora,Noche,90.5,5.48,6.54,6874,2.4,18,961,5.3,686.08,0,0,1,1,3,Críticas,0.548437637351365,1
MAN-0204,MQ-094,Trujillo,Torno CNC,Tarde,65.2,5.98,6.32,7726,8.6,174,716,4.02,601.22,1,2,4,2,1,Alerta,0.7593850744328504,1
MAN-0205,MQ-042,Arequipa,Empacadora,Tarde,76.3,6.39,6.5,6664,5.9,58,1313,3.21,665.86,1,0,1,2,1,Alerta,0.6835808663434686,1
MAN-0206,MQ-050,Lima,Inyectora,Tarde,63.8,3.04,7.91,5354,3.3,130,620,1.66,523.21,0,1,2,2,0,Eficientes,0.307160776309543,0
MAN-0207,MQ-064,Lima,Empacadora,Tarde,65.1,4.62,4.86,7545,6.4,77,950,3.21,485.54,0,1,1,2,2,Estándar,0.28252514435143244,0
MAN-0208,MQ-155,Lima,Prensa,Noche,79.7,2.85,5.0,6134,4.3,161,939,2.73,609.54,0,1,3,1,2,Estándar,0.4112364538020972,0
MAN-0209,MQ-179,Lima,Prensa,Mañana,76.9,0.99,7.53,3996,3.9,35,958,2.08,605.03,0,1,3,0,0,Eficientes,0.08374289293130609,0
MAN-0210,MQ-044,Arequipa,Torno CNC,Tarde,73.8,2.3,7.4,1990,3.0,58,985,1.34,637.82,0,0,4,2,0,Eficientes,0.20950053088466003,0
MAN-0211,MQ-150,Trujillo,Inyectora,Tarde,76.1,4.95,7.17,11210,6.0,78,1022,1.78,517.03,1,2,2,2,1,Alerta,0.54302811582041,1
MAN-0212,MQ-149,Lima,Torno CNC,Tarde,70.3,5.01,6.79,6427,5.7,210,969,1.69,471.86,1,1,4,2,2,Estándar,0.7804213450009736,1
MAN-0213,MQ-173,Lima,Prensa,Noche,77.5,3.85,5.19,4509,5.4,11,967,1.65,684.08,0,1,3,1,1,Alerta,0.18433520029272246,0
MAN-0214,MQ-076,Trujillo,Torno CNC,Tarde,87.0,4.59,8.54,7855,7.6,119,848,3.44,732.38,1,2,4,2,1,Alerta,0.8613446729340477,1
MAN-0215,MQ-106,Lima,Compresor,Noche,72.7,4.22,7.86,8110,6.6,58,894,2.92,660.95,0,1,0,1,1,Alerta,0.41933211355721633,0
MAN-0216,MQ-139,Arequipa,Torno CNC,Mañana,91.6,4.15,7.64,6338,3.2,166,836,5.96,579.24,1,0,4,0,3,Críticas,0.782851467248742,1
MAN-0217,MQ-122,Arequipa,Inyectora,Tarde,72.8,7.52,3.99,1273,3.2,58,971,2.63,601.95,1,0,2,2,3,Críticas,0.5629676313846236,1
MAN-0218,MQ-088,Lima,Prensa,Mañana,58.2,4.53,7.78,1733,1.4,160,796,2.55,653.67,0,1,3,0,0,Eficientes,0.27244219891544136,0
MAN-0219,MQ-172,Arequipa,Inyectora,Noche,65.2,3.05,7.15,3228,3.5,168,732,4.3,451.61,1,0,2,1,0,Eficientes,0.3688340889458108,0
MAN-0220,MQ-045,Arequipa,Torno CNC,Mañana,79.3,5.09,5.94,9209,4.8,179,1249,1.52,573.69,1,0,4,0,2,Estándar,0.6390856603821212,1
MAN-0221,MQ-176,Trujillo,Empacadora,Mañana,76.4,2.17,5.31,10954,6.2,210,744,0.13,611.11,0,2,1,0,2,Estándar,0.382031740367476,0
MAN-0222,MQ-081,Trujillo,Torno CNC,Noche,91.8,3.78,5.51,8124,4.5,54,926,4.93,615.25,0,2,4,1,1,Alerta,0.42493668499236426,0
MAN-0223,MQ-166,Trujillo,Prensa,Noche,57.7,3.93,8.03,7187,5.9,32,902,1.98,447.71,0,2,3,1,0,Eficientes,0.11833327414991013,0
MAN-0224,MQ-142,Trujillo,Torno CNC,Noche,54.3,4.93,5.03,11252,6.4,147,692,3.72,585.24,0,2,4,1,2,Estándar,0.19175021056880645,0
MAN-0225,MQ-053,Lima,Empacadora,Tarde,73.9,5.59,6.66,5739,4.7,226,855,1.07,577.17,1,1,1,2,2,Estándar,0.8782589378159181,1
MAN-0226,MQ-134,Trujillo,Prensa,Mañana,83.1,3.24,6.76,8800,6.3,192,791,3.57,519.1,1,2,3,0,2,Estándar,0.6579373497257868,1
MAN-0227,MQ-060,Arequipa,Prensa,Mañana,64.8,7.63,5.61,6039,4.4,215,875,4.59,353.72,0,0,3,0,2,Estándar,0.7694947447046936,1
MAN-0228,MQ-164,Trujillo,Inyectora,Mañana,63.4,3.41,7.0,9304,4.6,103,709,3.13,338.82,0,2,2,0,2,Estándar,0.14585004599935797,0
MAN-0229,MQ-096,Trujillo,Compresor,Noche,83.0,3.81,6.98,4655,1.5,200,816,4.18,478.34,1,2,0,1,0,Eficientes,0.7428058172810746,1
MAN-0230,MQ-088,Lima,Empacadora,Tarde,49.6,4.81,8.01,8767,7.1,141,682,5.48,643.31,1,1,1,2,2,Estándar,0.3917770251611322,0
MAN-0231,MQ-062,Lima,Torno CNC,Tarde,80.7,5.04,6.24,6632,3.8,160,823,3.17,677.35,0,1,4,2,3,Críticas,0.7418530164363352,1
MAN-0232,MQ-083,Lima,Inyectora,Mañana,77.6,2.55,5.53,9567,7.7,3,859,3.88,701.75,0,1,2,0,1,Alerta,0.10251992348455276,0
MAN-0233,MQ-142,Trujillo,Torno CNC,Tarde,87.4,4.0,5.37,11584,8.4,215,824,4.27,657.7,0,2,4,2,1,Alerta,0.8657355589949116,1
MAN-0234,MQ-030,Lima,Prensa,Tarde,61.4,4.01,7.29,6844,5.3,116,695,2.44,619.33,0,1,3,2,2,Estándar,0.3264282096555372,0
MAN-0235,MQ-034,Trujillo,Compresor,Mañana,78.3,1.78,6.21,2992,2.5,149,1044,0.79,448.16,0,2,0,0,0,Eficientes,0.2697381165397287,0
MAN-0236,MQ-064,Arequipa,Inyectora,Tarde,80.0,4.91,7.9,4429,4.9,59,488,3.93,540.28,0,0,2,2,3,Críticas,0.6622567029463202,1
MAN-0237,MQ-177,Trujillo,Inyectora,Noche,108.9,3.58,6.59,9220,6.4,2,834,6.21,527.86,1,2,2,1,1,Alerta,0.7019595162869766,1
MAN-0238,MQ-116,Lima,Empacadora,Tarde,67.0,4.68,5.86,9079,6.2,225,1048,0.54,633.96,1,1,1,2,2,Estándar,0.7166110954572155,1
MAN-0239,MQ-031,Trujillo,Empacadora,Mañana,80.1,3.65,5.75,1240,0.3,110,1064,3.04,469.01,0,2,1,0,0,Eficientes,0.29893820923928444,0
MAN-0240,MQ-145,Trujillo,Inyectora,Mañana,67.3,5.08,5.84,934,1.4,86,615,1.38,454.55,0,2,2,0,0,Eficientes,0.21384950924877305,0
MAN-0241,MQ-028,Arequipa,Torno CNC,Mañana,54.4,3.35,7.11,9920,7.8,136,979,0.54,617.02,0,0,4,0,2,Estándar,0.14657766576399547,0
MAN-0242,MQ-165,Arequipa,Inyectora,Noche,80.2,7.57,7.2,9792,9.7,54,1017,5.28,520.89,1,0,2,1,1,Alerta,0.851090536364346,1
MAN-0243,MQ-019,Lima,Prensa,Noche,68.9,3.04,7.05,9965,8.7,215,939,2.51,682.76,0,1,3,1,2,Estándar,0.6098741149323301,1
MAN-0244,MQ-113,Arequipa,Inyectora,Noche,66.7,2.74,6.72,2059,2.0,172,1008,5.14,772.03,1,0,2,1,3,Críticas,0.31115602426542743,0
MAN-0245,MQ-044,Lima,Inyectora,Noche,92.8,2.91,7.92,7100,5.0,77,850,2.91,651.1,1,1,2,1,1,Alerta,0.6112135780722511,1
MAN-0246,MQ-094,Trujillo,Prensa,Mañana,77.4,1.54,7.23,9822,4.1,221,963,3.55,586.56,0,2,3,0,2,Estándar,0.3988953986078779,0
MAN-0247,MQ-161,Trujillo,Inyectora,Tarde,71.7,6.53,7.28,11448,7.8,63,905,1.78,583.84,0,2,2,2,1,Alerta,0.6527479217628785,1
MAN-0248,MQ-025,Arequipa,Inyectora,Noche,76.7,5.96,9.0,5715,3.8,185,941,1.45,799.17,1,0,2,1,3,Críticas,0.8770636797709777,1
MAN-0249,MQ-038,Trujillo,Torno CNC,Noche,75.7,3.89,5.83,9166,5.6,200,802,2.97,444.58,1,2,4,1,2,Estándar,0.5960275366668991,1
MAN-0250,MQ-175,Arequipa,Empacadora,Noche,82.5,3.54,7.17,9358,7.1,181,993,2.85,427.18,1,0,1,1,2,Estándar,0.780245297335742,1
MAN-0251,MQ-131,Trujillo,Empacadora,Noche,82.5,2.93,4.64,1138,3.2,52,1084,4.68,704.2,0,2,1,1,3,Críticas,0.23163486082087087,0
MAN-0252,MQ-156,Arequipa,Prensa,Noche,72.6,4.03,7.14,5577,3.0,163,1000,1.55,474.43,0,0,3,1,0,Eficientes,0.5112663341947881,1
MAN-0253,MQ-051,Arequipa,Inyectora,Mañana,79.0,5.34,6.69,7696,6.5,48,1082,5.71,572.0,0,0,2,0,1,Alerta,0.47378061674110206,0
MAN-0254,MQ-105,Arequipa,Compresor,Noche,69.1,5.44,6.46,1875,0.9,109,719,2.91,289.98,0,0,0,1,0,Eficientes,0.44399921766848605,0
MAN-0255,MQ-104,Arequipa,Torno CNC,Tarde,61.4,4.13,6.26,9405,8.8,234,959,3.31,487.9,1,0,4,2,2,Estándar,0.6775689699178372,1
MAN-0256,MQ-040,Lima,Prensa,Noche,57.0,4.34,8.0,3934,3.5,121,765,2.86,530.72,0,1,3,1,0,Eficientes,0.26090867994658357,0
MAN-0257,MQ-109,Lima,Inyectora,Mañana,88.2,8.12,8.55,7579,6.7,229,698,3.43,721.48,1,1,2,0,1,Alerta,0.9839106047680204,1
MAN-0258,MQ-129,Arequipa,Empacadora,Noche,62.9,6.33,7.51,8612,6.4,187,696,2.6,617.02,0,0,1,1,2,Estándar,0.7587566428417621,1
MAN-0259,MQ-092,Lima,Compresor,Noche,79.4,2.88,4.5,8996,4.5,58,537,1.88,589.83,0,1,0,1,1,Alerta,0.17333272864512672,0
MAN-0260,MQ-027,Arequipa,Prensa,Tarde,72.1,5.01,5.42,6575,4.8,184,1095,2.17,534.44,1,0,3,2,2,Estándar,0.6784707656922678,1
MAN-0261,MQ-085,Lima,Inyectora,Mañana,77.6,6.02,6.65,179,1.1,136,769,4.23,604.49,0,1,2,0,3,Críticas,0.6504356352237357,1
MAN-0262,MQ-064,Arequipa,Empacadora,Mañana,72.5,2.41,8.93,10998,8.7,234,858,0.55,434.61,0,0,1,0,2,Estándar,0.7097586077178408,1
MAN-0263,MQ-137,Trujillo,Empacadora,Noche,80.1,4.47,7.02,472,0.3,24,932,5.9,676.8,1,2,1,1,3,Críticas,0.3087198382531436,0
MAN-0264,MQ-109,Arequipa,Prensa,Mañana,71.8,1.57,4.4,5522,4.5,99,631,2.46,546.1,1,0,3,0,2,Estándar,0.07728899329200775,0
MAN-0265,MQ-012,Arequipa,Inyectora,Noche,74.7,1.2,5.65,3284,4.6,62,627,3.24,361.6,0,0,2,1,0,Eficientes,0.11500728699104412,0
MAN-0266,MQ-027,Arequipa,Torno CNC,Noche,81.1,6.65,5.89,4139,1.1,197,885,1.43,724.95,1,0,4,1,3,Críticas,0.8264134771371777,1
MAN-0267,MQ-128,Trujillo,Prensa,Mañana,66.8,2.37,8.78,5107,2.7,48,602,2.98,508.94,0,2,3,0,0,Eficientes,0.0910246074185787,0
MAN-0268,MQ-150,Arequipa,Prensa,Tarde,62.0,3.65,5.16,806,3.9,103,836,4.2,432.85,0,0,3,2,0,Eficientes,0.21636412695426116,0
MAN-0269,MQ-038,Arequipa,Prensa,Noche,56.6,3.49,7.55,11705,4.2,176,944,3.49,387.91,0,0,3,1,2,Estándar,0.2366875936708954,0
MAN-0270,MQ-063,Trujillo,Prensa,Mañana,75.8,3.05,6.96,4909,2.9,81,1108,3.84,497.1,0,2,3,0,0,Eficientes,0.1998937453559748,0
MAN-0271,MQ-155,Lima,Torno CNC,Tarde,80.8,4.22,7.19,9418,5.9,20,968,2.64,429.99,1,1,4,2,1,Alerta,0.39183751677760637,0
MAN-0272,MQ-116,Arequipa,Inyectora,Mañana,64.0,4.49,5.45,4530,3.6,61,946,2.33,558.9,0,0,2,0,0,Eficientes,0.12278295409761905,0
MAN-0273,MQ-132,Trujillo,Compresor,Mañana,68.3,6.72,7.7,6139,5.0,24,817,2.64,578.28,0,2,0,0,1,Alerta,0.3991009963852432,0
MAN-0274,MQ-096,Trujillo,Inyectora,Noche,62.0,1.67,7.29,6580,2.5,94,715,0.78,364.84,0,2,2,1,0,Eficientes,0.07220260034834187,0
MAN-0275,MQ-070,Trujillo,Empacadora,Mañana,87.1,2.62,8.38,2281,2.6,68,964,1.85,599.91,0,2,1,0,0,Eficientes,0.3971862425996064,0
MAN-0276,MQ-052,Arequipa,Empacadora,Tarde,61.2,5.68,5.38,9978,7.9,16,761,1.22,577.59,0,0,1,2,2,Estándar,0.22591054267643568,0
MAN-0277,MQ-061,Arequipa,Inyectora,Tarde,80.5,3.58,5.28,9564,3.2,196,799,3.05,651.68,0,0,2,2,2,Estándar,0.6254526054164523,1
MAN-0278,MQ-074,Trujillo,Empacadora,Tarde,76.5,3.19,6.55,2234,3.1,107,682,2.71,490.77,0,2,1,2,0,Eficientes,0.43877932368609857,0
MAN-0279,MQ-029,Arequipa,Compresor,Noche,87.6,5.47,6.14,9343,4.6,129,990,6.19,624.41,1,0,0,1,1,Alerta,0.7995649249113422,1
MAN-0280,MQ-093,Arequipa,Torno CNC,Tarde,71.3,3.87,4.11,5597,4.7,174,999,3.42,609.96,0,0,4,2,2,Estándar,0.44274128930553724,0
MAN-0281,MQ-164,Lima,Empacadora,Mañana,74.9,4.0,9.38,10752,6.2,14,670,2.46,623.65,0,1,1,0,1,Alerta,0.28185590565307167,0
MAN-0282,MQ-117,Arequipa,Inyectora,Tarde,65.8,4.48,6.67,5530,2.8,165,1076,2.51,878.74,0,0,2,2,3,Críticas,0.49072475288599604,0
MAN-0283,MQ-105,Arequipa,Compresor,Tarde,77.6,4.59,6.21,8365,6.8,68,980,0.33,575.8,0,0,0,2,2,Estándar,0.5493061164219036,1
MAN-0284,MQ-176,Arequipa,Compresor,Mañana,63.0,3.36,6.03,7558,7.5,182,1019,4.64,512.92,1,0,0,0,2,Estándar,0.37966602507373054,0
MAN-0285,MQ-051,Lima,Empacadora,Tarde,81.7,5.56,6.75,4882,6.1,105,759,1.29,726.96,1,1,1,2,1,Alerta,0.8054268232638465,1
MAN-0286,MQ-041,Lima,Inyectora,Tarde,76.9,2.87,7.52,7173,5.1,6,735,2.39,660.46,0,1,2,2,1,Alerta,0.21884340509345596,0
MAN-0287,MQ-142,Lima,Inyectora,Tarde,86.1,7.56,6.3,6308,2.7,1,429,3.0,453.67,1,1,2,2,3,Críticas,0.6867466549153969,1
MAN-0288,MQ-168,Trujillo,Compresor,Mañana,64.6,4.46,4.17,2824,0.7,80,580,3.83,480.92,0,2,0,0,0,Eficientes,0.0957754766690604,0
MAN-0289,MQ-016,Trujillo,Empacadora,Tarde,76.7,0.86,8.06,1311,0.2,28,676,1.79,417.52,0,2,1,2,0,Eficientes,0.10798482765140738,0
MAN-0290,MQ-173,Lima,Prensa,Noche,81.6,2.81,6.41,5887,6.1,149,774,2.13,652.79,0,1,3,1,2,Estándar,0.5506531862468712,1
MAN-0291,MQ-133,Lima,Prensa,Noche,88.4,2.69,5.4,5315,1.9,10,810,2.69,626.11,0,1,3,1,3,Críticas,0.15646406091931078,0
MAN-0292,MQ-012,Trujillo,Torno CNC,Tarde,67.8,4.56,7.03,2166,1.9,221,611,3.46,635.14,0,2,4,2,3,Críticas,0.6780137029793534,1
MAN-0293,MQ-106,Lima,Inyectora,Mañana,78.7,5.74,6.88,3934,3.0,202,1026,3.75,536.31,1,1,2,0,3,Críticas,0.8076648360430579,1
MAN-0294,MQ-092,Lima,Torno CNC,Tarde,63.0,4.84,7.89,2978,2.6,126,788,1.53,687.25,0,1,4,2,0,Eficientes,0.43260047278093317,0
MAN-0295,MQ-146,Arequipa,Compresor,Mañana,71.5,3.51,6.49,9653,8.0,22,1005,0.1,407.82,1,0,0,0,2,Estándar,0.16975373616766753,0
MAN-0296,MQ-088,Lima,Compresor,Mañana,77.8,5.97,5.72,10275,7.4,59,1031,1.15,527.29,0,1,0,0,1,Alerta,0.49866022111048536,0
MAN-0297,MQ-012,Arequipa,Inyectora,Tarde,76.3,2.49,7.92,1867,0.2,17,855,2.22,436.58,0,0,2,2,0,Eficientes,0.16493789589146635,0
MAN-0298,MQ-015,Arequipa,Torno CNC,Noche,65.5,5.1,5.22,3578,4.7,187,791,2.49,595.72,0,0,4,1,2,Estándar,0.5241296095673255,1
MAN-0299,MQ-087,Lima,Torno CNC,Tarde,97.2,3.19,6.28,2089,4.1,60,894,5.41,583.78,1,1,4,2,3,Críticas,0.6563644071627761,1
MAN-0300,MQ-098,Trujillo,Empacadora,Tarde,95.3,4.42,6.93,3861,4.9,65,699,3.28,634.52,1,2,1,2,1,Alerta,0.7999919307748156,1
MAN-0301,MQ-083,Trujillo,Inyectora,Mañana,59.0,4.52,4.57,2319,3.8,69,1008,1.19,480.8,0,2,2,0,0,Eficientes,0.0869263449572539,0
MAN-0302,MQ-038,Trujillo,Prensa,Mañana,76.6,4.15,8.77,3575,1.7,220,714,2.11,506.61,1,2,3,0,0,Eficientes,0.7249798740662561,1
MAN-0303,MQ-013,Arequipa,Prensa,Tarde,66.7,4.94,7.57,5909,5.5,219,789,4.59,592.32,1,0,3,2,2,Estándar,0.800914529307898,1
MAN-0304,MQ-147,Trujillo,Empacadora,Tarde,73.5,4.74,7.34,5279,3.1,43,872,1.68,569.49,0,2,1,2,0,Eficientes,0.3787684897747817,0
MAN-0305,MQ-077,Trujillo,Empacadora,Noche,84.2,3.13,8.79,1376,1.9,177,965,2.13,734.05,0,2,1,1,3,Críticas,0.7538191405759751,1
MAN-0306,MQ-086,Arequipa,Torno CNC,Mañana,91.3,5.73,5.4,4870,2.3,227,886,5.18,587.61,1,0,4,0,3,Críticas,0.8830521683771249,1
MAN-0307,MQ-022,Arequipa,Torno CNC,Noche,81.1,3.39,7.58,7691,5.4,158,917,2.34,645.93,1,0,4,1,2,Estándar,0.6393947315926272,1
MAN-0308,MQ-119,Lima,Prensa,Mañana,69.2,2.6,7.36,10879,7.8,68,1137,2.46,597.64,0,1,3,0,2,Estándar,0.15214161320268973,0
MAN-0309,MQ-109,Arequipa,Compresor,Noche,74.2,6.09,6.17,5168,1.8,51,721,2.41,647.91,0,0,0,1,3,Críticas,0.404030397295477,0
MAN-0310,MQ-177,Arequipa,Inyectora,Mañana,63.4,3.68,6.6,239,2.7,236,1265,0.69,576.47,0,0,2,0,0,Eficientes,0.4771555649029684,0
MAN-0311,MQ-036,Arequipa,Compresor,Mañana,78.7,4.42,4.3,8682,4.4,60,810,2.05,474.18,0,0,0,0,2,Estándar,0.22908680072601278,0
MAN-0312,MQ-170,Lima,Inyectora,Noche,71.5,4.65,7.39,7697,6.3,133,940,4.02,506.2,1,1,2,1,2,Estándar,0.5944735133240535,1
MAN-0313,MQ-089,Arequipa,Compresor,Tarde,80.3,7.07,6.41,529,2.5,90,836,5.78,529.92,1,0,0,2,3,Críticas,0.8365694856384759,1
MAN-0314,MQ-154,Trujillo,Empacadora,Tarde,68.0,4.85,5.39,1859,0.2,39,659,4.86,490.28,0,2,1,2,0,Eficientes,0.18194147402180824,0
MAN-0315,MQ-101,Trujillo,Empacadora,Mañana,77.5,2.93,5.49,3122,0.5,25,921,2.56,514.79,0,2,1,0,0,Eficientes,0.08143041062577204,0
MAN-0316,MQ-168,Arequipa,Prensa,Tarde,87.9,5.82,5.7,728,0.9,93,676,4.3,510.98,1,0,3,2,3,Críticas,0.7417672875387047,1
MAN-0317,MQ-137,Arequipa,Empacadora,Mañana,71.7,5.42,7.09,343,0.9,127,1036,4.59,504.8,1,0,1,0,3,Críticas,0.5068970970010516,1
MAN-0318,MQ-039,Trujillo,Inyectora,Tarde,84.6,3.67,6.23,3620,4.2,130,1004,0.1,581.92,1,2,2,2,0,Eficientes,0.6622566886998466,1
MAN-0319,MQ-134,Arequipa,Inyectora,Tarde,63.0,4.37,7.54,2397,1.2,167,814,3.28,335.35,0,0,2,2,0,Eficientes,0.48947635899411884,0
MAN-0320,MQ-159,Arequipa,Inyectora,Noche,69.5,5.0,7.53,7815,5.7,199,664,0.85,813.8,0,0,2,1,2,Estándar,0.732044999250219,1
MAN-0321,MQ-152,Lima,Inyectora,Tarde,80.8,3.62,6.65,5741,3.6,3,1274,1.98,405.83,1,1,2,2,0,Eficientes,0.26358314701961416,0
MAN-0322,MQ-067,Arequipa,Empacadora,Noche,82.3,5.2,4.2,3581,4.9,124,845,4.67,830.63,0,0,1,1,3,Críticas,0.6474902895640406,1
MAN-0323,MQ-109,Arequipa,Torno CNC,Noche,63.3,0.5,7.81,7130,4.6,108,516,3.63,617.98,0,0,4,1,2,Estándar,0.07794785807068765,0
MAN-0324,MQ-105,Trujillo,Torno CNC,Mañana,87.6,1.48,4.25,8384,6.0,54,826,1.57,676.61,0,2,4,0,1,Alerta,0.1161248575075033,0
MAN-0325,MQ-175,Arequipa,Empacadora,Mañana,91.6,7.5,6.48,8789,5.6,94,902,5.04,607.72,1,0,1,0,1,Alerta,0.883866440838507,1
MAN-0326,MQ-014,Lima,Inyectora,Noche,68.2,5.14,7.27,1835,3.1,113,593,4.62,443.31,0,1,2,1,0,Eficientes,0.495186207194886,0
MAN-0327,MQ-118,Trujillo,Compresor,Mañana,66.1,2.83,4.66,3668,1.3,149,846,3.16,418.82,0,2,0,0,0,Eficientes,0.12736612265524253,0
MAN-0328,MQ-156,Trujillo,Inyectora,Mañana,80.1,3.67,6.51,9610,5.6,84,1033,2.08,551.4,0,2,2,0,1,Alerta,0.3258124155468375,0
MAN-0329,MQ-015,Arequipa,Torno CNC,Mañana,71.3,1.05,4.13,9140,6.0,70,959,1.35,615.64,0,0,4,0,2,Estándar,0.03975443917925935,0
MAN-0330,MQ-178,Arequipa,Torno CNC,Mañana,82.2,3.15,6.98,3896,4.3,93,1122,3.75,677.76,0,0,4,0,3,Críticas,0.36883256711353113,0
MAN-0331,MQ-165,Lima,Prensa,Mañana,79.1,6.84,7.48,5547,5.6,221,999,4.42,590.51,1,1,3,0,3,Críticas,0.9246023160067396,1
MAN-0332,MQ-006,Trujillo,Prensa,Noche,86.3,5.82,4.73,2135,2.7,88,873,2.64,685.97,1,2,3,1,3,Críticas,0.6098937111024498,1
MAN-0333,MQ-038,Trujillo,Compresor,Tarde,65.8,3.48,8.48,4050,5.4,146,1115,2.26,548.12,0,2,0,2,0,Eficientes,0.5710470195470854,1
MAN-0334,MQ-023,Arequipa,Prensa,Mañana,74.7,3.43,7.3,11296,10.4,35,740,1.03,621.35,0,0,3,0,2,Estándar,0.2668874778735318,0
MAN-0335,MQ-146,Arequipa,Inyectora,Noche,69.7,2.34,5.33,855,1.9,34,1141,3.63,505.66,0,0,2,1,0,Eficientes,0.07238354745801215,0
MAN-0336,MQ-158,Arequipa,Prensa,Mañana,73.1,1.46,4.73,6857,4.3,41,644,2.4,539.56,0,0,3,0,2,Estándar,0.043348865363352015,0
MAN-0337,MQ-078,Trujillo,Torno CNC,Noche,81.2,4.91,5.74,7791,3.1,14,855,4.21,485.61,0,2,4,1,1,Alerta,0.24511027019919487,0
MAN-0338,MQ-157,Trujillo,Inyectora,Tarde,80.2,3.79,7.33,2173,2.1,42,714,3.17,543.48,0,2,2,2,0,Eficientes,0.38664544981839244,0
MAN-0339,MQ-067,Arequipa,Empacadora,Mañana,84.9,1.49,5.6,9061,4.8,119,936,6.36,701.31,1,0,1,0,1,Alerta,0.25750126654639777,0
MAN-0340,MQ-146,Arequipa,Inyectora,Noche,65.7,4.25,7.12,8630,7.0,79,949,2.05,530.73,0,0,2,1,2,Estándar,0.30777279380718814,0
MAN-0341,MQ-108,Lima,Empacadora,Tarde,63.8,3.41,6.92,1728,0.2,185,1017,2.97,778.4,0,1,1,2,3,Críticas,0.3837817662388374,0
MAN-0342,MQ-082,Trujillo,Prensa,Tarde,68.4,4.49,7.34,9894,10.0,221,906,3.95,518.06,1,2,3,2,2,Estándar,0.8388611254784301,1
MAN-0343,MQ-081,Lima,Prensa,Mañana,65.7,4.99,7.64,11093,6.4,93,819,4.15,688.87,0,1,3,0,1,Alerta,0.3127838798673272,0
MAN-0344,MQ-158,Trujillo,Prensa,Mañana,88.4,4.58,7.03,11653,8.0,226,845,5.76,530.15,0,2,3,0,1,Alerta,0.8970983582864428,1
MAN-0345,MQ-151,Arequipa,Prensa,Tarde,63.3,3.25,6.3,1320,1.6,162,956,5.03,421.75,0,0,3,2,0,Eficientes,0.3143292649096339,0
MAN-0346,MQ-071,Lima,Empacadora,Mañana,66.2,5.17,6.99,7861,5.1,231,922,2.38,617.8,0,1,1,0,2,Estándar,0.6863191040503661,1
MAN-0347,MQ-004,Arequipa,Inyectora,Mañana,97.5,6.36,6.78,4158,3.1,200,563,5.62,816.74,1,0,2,0,3,Críticas,0.9527878626842315,1
MAN-0348,MQ-015,Arequipa,Empacadora,Mañana,59.8,4.29,6.35,239,1.1,115,1004,1.32,335.11,0,0,1,0,0,Eficientes,0.16822533294511202,0
MAN-0349,MQ-107,Trujillo,Prensa,Noche,81.3,3.01,7.12,4463,2.8,148,1148,3.45,557.63,0,2,3,1,0,Eficientes,0.509787439350226,1
MAN-0350,MQ-062,Trujillo,Inyectora,Noche,68.2,3.1,8.09,7244,0.4,197,994,1.19,653.85,0,2,2,1,0,Eficientes,0.36940151714910796,0
MAN-0351,MQ-162,Arequipa,Torno CNC,Mañana,75.1,3.02,8.03,2775,2.7,191,706,3.88,433.02,0,0,4,0,0,Eficientes,0.5253342945143621,1
MAN-0352,MQ-054,Trujillo,Empacadora,Tarde,80.0,4.53,7.56,3585,3.0,237,473,3.76,435.83,1,2,1,2,0,Eficientes,0.8990068318302802,1
MAN-0353,MQ-013,Trujillo,Prensa,Tarde,56.3,1.31,8.01,11646,8.9,156,485,2.67,528.06,0,2,3,2,2,Estándar,0.20005676953359774,0
MAN-0354,MQ-131,Trujillo,Inyectora,Mañana,75.2,6.18,7.7,8523,7.0,141,1031,3.91,604.41,1,2,2,0,1,Alerta,0.7659417034263583,1
MAN-0355,MQ-110,Lima,Empacadora,Noche,93.4,6.81,7.46,3086,5.4,203,576,2.62,920.22,1,1,1,1,3,Críticas,0.976630201816963,1
MAN-0356,MQ-066,Trujillo,Prensa,Tarde,73.4,4.75,8.88,180,2.8,36,644,3.79,548.24,0,2,3,2,0,Eficientes,0.4787087306753717,0
MAN-0357,MQ-135,Lima,Torno CNC,Noche,78.3,7.06,5.29,5111,3.9,122,818,3.89,771.24,1,1,4,1,3,Críticas,0.7144136097555994,1
MAN-0358,MQ-084,Arequipa,Empacadora,Mañana,68.6,4.12,6.97,5232,3.8,35,923,4.98,559.36,0,0,1,0,0,Eficientes,0.16324772683973526,0
MAN-0359,MQ-093,Lima,Empacadora,Noche,65.9,3.45,5.63,8234,7.0,164,713,1.8,534.49,0,1,1,1,2,Estándar,0.3771171682104674,0
MAN-0360,MQ-009,Trujillo,Compresor,Tarde,72.2,5.06,2.88,1367,2.1,143,817,2.97,341.72,0,2,0,2,0,Eficientes,0.4451182774855247,0
MAN-0361,MQ-003,Lima,Inyectora,Noche,64.4,2.56,6.93,6322,6.7,107,916,2.72,608.19,0,1,2,1,2,Estándar,0.21186393028741188,0
MAN-0362,MQ-005,Lima,Prensa,Tarde,72.2,4.4,6.5,9576,5.4,26,1058,4.41,498.81,0,1,3,2,1,Alerta,0.2581700434499985,0
MAN-0363,MQ-153,Trujillo,Inyectora,Noche,74.6,4.05,7.3,7748,6.3,68,803,3.03,534.2,1,2,2,1,1,Alerta,0.38997375174846244,0
MAN-0364,MQ-172,Lima,Compresor,Noche,75.1,6.47,7.09,10609,7.5,5,777,3.5,741.43,0,1,0,1,1,Alerta,0.5099662158556801,1
MAN-0365,MQ-087,Lima,Prensa,Tarde,84.6,3.88,6.67,3132,3.8,96,901,2.67,420.52,1,1,3,2,0,Eficientes,0.619843196320932,1
MAN-0366,MQ-023,Trujillo,Prensa,Noche,67.7,4.62,4.92,11420,4.9,68,654,2.91,582.5,0,2,3,1,1,Alerta,0.15494244002196417,0
MAN-0367,MQ-170,Trujillo,Empacadora,Tarde,73.7,2.84,6.43,9067,6.0,57,799,4.26,597.09,0,2,1,2,1,Alerta,0.24936917754679178,0
MAN-0368,MQ-176,Lima,Inyectora,Mañana,76.1,4.53,3.33,4867,4.2,42,1148,5.27,523.62,0,1,2,0,3,Críticas,0.15226118009520928,0
MAN-0369,MQ-077,Trujillo,Prensa,Mañana,61.0,1.67,7.11,2627,3.3,193,1151,2.18,577.79,1,2,3,0,0,Eficientes,0.16644076134467756,0
MAN-0370,MQ-006,Arequipa,Torno CNC,Noche,74.8,3.43,6.44,7751,5.1,148,1045,5.55,570.96,1,0,4,1,2,Estándar,0.4470126018059195,0
MAN-0371,MQ-150,Trujillo,Inyectora,Mañana,91.8,7.0,6.55,4356,4.8,151,709,1.98,626.56,1,2,2,0,3,Críticas,0.9178320531548593,1
MAN-0372,MQ-175,Arequipa,Compresor,Tarde,79.5,4.47,6.82,3258,4.7,133,849,0.17,524.13,1,0,0,2,0,Eficientes,0.7521371995652743,1
MAN-0373,MQ-168,Trujillo,Inyectora,Tarde,81.3,4.55,6.36,2368,2.6,88,843,2.12,759.58,0,2,2,2,3,Críticas,0.5593737305789911,1
MAN-0374,MQ-115,Lima,Empacadora,Tarde,67.3,8.11,6.99,786,0.2,20,646,2.93,672.96,1,1,1,2,3,Críticas,0.5099031191521068,1
MAN-0375,MQ-126,Lima,Compresor,Mañana,72.3,1.8,5.13,1350,1.2,61,1085,3.28,623.58,0,1,0,0,0,Eficientes,0.06414770920764902,0
MAN-0376,MQ-117,Lima,Inyectora,Mañana,70.1,4.26,5.79,2563,3.7,167,813,3.99,343.55,0,1,2,0,0,Eficientes,0.4376774243302927,0
MAN-0377,MQ-147,Arequipa,Compresor,Noche,64.3,5.99,5.09,5594,2.3,137,943,3.46,596.16,0,0,0,1,3,Críticas,0.41125151924918496,0
MAN-0378,MQ-090,Lima,Inyectora,Tarde,70.0,2.85,5.59,11454,5.7,79,647,0.94,476.02,0,1,2,2,2,Estándar,0.1754735164385667,0
MAN-0379,MQ-122,Lima,Empacadora,Mañana,57.6,4.57,7.93,943,2.3,126,694,0.1,591.52,0,1,1,0,0,Eficientes,0.2516076349925067,0
MAN-0380,MQ-014,Trujillo,Torno CNC,Tarde,70.4,3.61,4.98,8192,5.3,76,949,2.23,579.18,0,2,4,2,2,Estándar,0.19685794074579452,0
MAN-0381,MQ-097,Lima,Empacadora,Tarde,66.7,0.89,5.23,980,1.6,192,646,2.81,564.8,0,1,1,2,0,Eficientes,0.19584278514182527,0
MAN-0382,MQ-129,Trujillo,Compresor,Tarde,79.7,4.19,5.76,2422,2.7,37,1037,5.3,908.44,1,2,0,2,3,Críticas,0.36354061636000845,0
MAN-0383,MQ-149,Lima,Prensa,Noche,62.3,3.47,6.47,4030,1.2,26,871,0.51,469.61,0,1,3,1,0,Eficientes,0.05703609175028033,0
MAN-0384,MQ-026,Lima,Torno CNC,Tarde,80.8,4.21,8.29,170,1.8,130,950,3.19,426.95,0,1,4,2,0,Eficientes,0.7181277550150017,1
MAN-0385,MQ-178,Lima,Prensa,Tarde,76.4,2.62,7.09,4478,2.5,180,807,3.3,547.26,1,1,3,2,0,Eficientes,0.5363278116743734,1
MAN-0386,MQ-092,Arequipa,Torno CNC,Tarde,76.7,3.79,7.65,7629,7.0,13,808,1.78,756.73,0,0,4,2,1,Alerta,0.3407172045414894,0
MAN-0387,MQ-054,Arequipa,Empacadora,Tarde,77.2,2.94,7.58,3973,3.6,123,827,3.49,830.58,1,0,1,2,3,Críticas,0.5319246681591642,1
MAN-0388,MQ-039,Lima,Compresor,Noche,59.8,6.03,5.54,7056,2.4,33,998,3.08,680.34,0,1,0,1,1,Alerta,0.14110464128501046,0
MAN-0389,MQ-133,Arequipa,Compresor,Noche,85.7,0.66,4.09,5862,4.9,143,940,1.33,524.65,1,0,0,1,2,Estándar,0.27177106614727664,0
MAN-0390,MQ-012,Lima,Inyectora,Noche,86.0,6.22,6.65,4564,4.0,33,787,3.87,700.77,0,1,2,1,3,Críticas,0.6476477451145944,1
MAN-0391,MQ-009,Arequipa,Torno CNC,Tarde,68.3,3.27,6.78,8577,8.5,200,1169,6.27,742.04,0,0,4,2,2,Estándar,0.6512018964699513,1
MAN-0392,MQ-147,Lima,Compresor,Tarde,68.3,3.76,7.88,10863,11.0,200,1035,2.08,452.94,0,1,0,2,2,Estándar,0.8189614655145678,1
MAN-0393,MQ-116,Trujillo,Empacadora,Noche,91.5,6.33,7.1,6987,6.4,237,792,6.01,678.34,1,2,1,1,1,Alerta,0.975417207525709,1
MAN-0394,MQ-005,Lima,Torno CNC,Tarde,68.2,4.68,6.37,8305,7.1,148,790,2.35,607.92,0,1,4,2,2,Estándar,0.5723149464958276,1
MAN-0395,MQ-050,Trujillo,Inyectora,Tarde,90.4,7.85,6.24,6682,5.0,211,499,4.84,677.83,1,2,2,2,3,Críticas,0.9779032677857497,1
MAN-0396,MQ-044,Lima,Torno CNC,Mañana,75.0,3.89,7.18,8764,6.6,18,434,0.79,466.8,0,1,4,0,2,Estándar,0.18437504572912958,0
MAN-0397,MQ-006,Lima,Empacadora,Tarde,65.5,6.14,7.23,3148,3.8,216,614,2.94,608.06,1,1,1,2,3,Críticas,0.8426877530573679,1
MAN-0398,MQ-129,Lima,Torno CNC,Tarde,76.7,5.27,8.46,9479,4.7,55,790,2.14,630.81,1,1,4,2,1,Alerta,0.5508360180062178,1
MAN-0399,MQ-169,Arequipa,Prensa,Noche,64.5,0.93,5.69,9194,6.3,63,1063,6.35,450.3,0,0,3,1,2,Estándar,0.050391175798167195,0
MAN-0400,MQ-088,Lima,Torno CNC,Noche,62.4,5.22,7.33,2288,1.1,181,787,1.74,375.68,0,1,4,1,0,Eficientes,0.47662527812544403,0
MAN-0401,MQ-024,Lima,Inyectora,Noche,55.4,3.45,9.09,11945,8.4,13,858,3.63,677.91,0,1,2,1,1,Alerta,0.1055298711564888,0
MAN-0402,MQ-169,Arequipa,Torno CNC,Mañana,85.6,5.06,7.71,330,0.2,145,963,2.49,608.42,0,0,4,0,3,Críticas,0.7030036404873369,1
MAN-0403,MQ-086,Lima,Empacadora,Noche,79.7,4.1,8.82,7031,6.7,76,745,3.07,568.38,1,1,1,1,1,Alerta,0.6358498721212245,1
MAN-0404,MQ-126,Lima,Compresor,Tarde,78.7,6.5,6.18,8286,6.4,118,701,4.46,515.71,1,1,0,2,1,Alerta,0.8363818264917315,1
MAN-0405,MQ-139,Arequipa,Torno CNC,Mañana,74.2,3.37,7.67,10631,5.6,175,886,4.41,551.7,1,0,4,0,2,Estándar,0.48190746901648457,0
MAN-0406,MQ-050,Lima,Torno CNC,Mañana,78.9,4.13,7.74,6178,4.5,131,743,0.1,562.1,0,1,4,0,2,Estándar,0.5209899774397961,1
MAN-0407,MQ-093,Lima,Compresor,Tarde,52.9,5.09,7.31,9622,5.3,148,1037,2.29,525.3,0,1,0,2,2,Estándar,0.3905282175553297,0
MAN-0408,MQ-078,Lima,Prensa,Mañana,72.6,4.94,8.48,7330,4.2,147,915,2.07,616.26,1,1,3,0,2,Estándar,0.5810789919933512,1
MAN-0409,MQ-047,Lima,Compresor,Noche,71.2,5.72,6.31,3800,0.2,54,667,3.08,794.23,0,1,0,1,3,Críticas,0.29292180212480684,0
MAN-0410,MQ-118,Trujillo,Prensa,Tarde,67.6,3.28,6.52,5639,3.4,194,809,4.15,562.7,1,2,3,2,0,Eficientes,0.47011612079502413,0
MAN-0411,MQ-097,Arequipa,Torno CNC,Tarde,64.9,3.18,4.81,10842,7.4,237,748,2.88,655.34,1,0,4,2,2,Estándar,0.4950978872443177,0
MAN-0412,MQ-178,Trujillo,Torno CNC,Tarde,63.0,2.58,8.09,2571,5.4,103,665,0.65,753.21,0,2,4,2,0,Eficientes,0.2520250812554876,0
MAN-0413,MQ-036,Arequipa,Empacadora,Mañana,66.5,2.26,4.57,9499,4.6,159,563,4.3,568.48,0,0,1,0,2,Estándar,0.13136303770643426,0
MAN-0414,MQ-125,Arequipa,Empacadora,Noche,97.6,5.69,4.17,2640,4.1,93,850,4.67,473.69,1,0,1,1,3,Críticas,0.8206820984812859,1
MAN-0415,MQ-173,Lima,Empacadora,Tarde,85.1,2.72,4.45,6092,4.5,164,644,2.86,641.09,0,1,1,2,3,Críticas,0.5762546232371404,1
MAN-0416,MQ-079,Trujillo,Torno CNC,Tarde,89.0,3.66,6.48,3599,1.8,218,977,3.02,564.01,1,2,4,2,3,Críticas,0.8320078389443829,1
MAN-0417,MQ-144,Lima,Torno CNC,Tarde,78.7,2.52,6.37,5567,4.5,7,794,1.15,470.55,1,1,4,2,0,Eficientes,0.1571353670269884,0
MAN-0418,MQ-008,Lima,Empacadora,Noche,87.3,5.46,5.02,10265,9.9,59,428,6.63,821.44,1,1,1,1,1,Alerta,0.712161937234931,1
MAN-0419,MQ-068,Trujillo,Torno CNC,Mañana,78.4,1.37,6.67,5412,2.7,193,1034,3.74,562.09,0,2,4,0,0,Eficientes,0.2929946091140308,0
MAN-0420,MQ-096,Trujillo,Empacadora,Noche,78.7,6.08,6.93,7075,3.7,126,1062,0.68,739.97,1,2,1,1,1,Alerta,0.7180627492108005,1
MAN-0421,MQ-067,Arequipa,Compresor,Mañana,81.9,3.11,7.32,7720,8.3,99,983,2.56,847.47,0,0,0,0,1,Alerta,0.5359648390411831,1
MAN-0422,MQ-003,Lima,Inyectora,Mañana,73.2,3.37,5.49,10530,6.3,92,1004,2.13,569.44,0,1,2,0,2,Estándar,0.19603609933743107,0
MAN-0423,MQ-017,Trujillo,Torno CNC,Tarde,64.7,3.31,7.07,6427,4.9,52,696,2.55,413.18,1,2,4,2,0,Eficientes,0.16093490093781454,0
MAN-0424,MQ-125,Arequipa,Torno CNC,Noche,94.6,3.48,4.81,2167,0.4,76,884,4.63,898.41,0,0,4,1,3,Críticas,0.4005598465593386,0
MAN-0425,MQ-155,Trujillo,Empacadora,Mañana,63.9,4.24,7.62,3347,6.3,21,1104,1.55,619.1,0,2,1,0,0,Eficientes,0.16869855877900716,0
MAN-0426,MQ-173,Arequipa,Prensa,Tarde,65.9,4.59,6.0,4792,3.6,127,807,3.75,642.88,0,0,3,2,3,Críticas,0.3953421419929294,0
MAN-0427,MQ-096,Trujillo,Inyectora,Mañana,79.3,5.9,5.54,284,1.6,71,1090,3.41,699.01,1,2,2,0,3,Críticas,0.43074904968948197,0
MAN-0428,MQ-174,Lima,Inyectora,Noche,81.4,2.51,3.48,9897,6.5,224,669,4.41,564.5,0,1,2,1,2,Estándar,0.5412271736042675,1
MAN-0429,MQ-070,Trujillo,Compresor,Mañana,56.9,3.65,4.0,4151,1.4,177,837,1.49,559.74,0,2,0,0,0,Eficientes,0.10723011952118014,0
MAN-0430,MQ-162,Arequipa,Prensa,Noche,92.0,5.93,8.16,7795,6.1,186,635,4.62,653.02,1,0,3,1,3,Críticas,0.9552964206049596,1
MAN-0431,MQ-174,Trujillo,Torno CNC,Noche,45.0,0.5,5.05,10757,5.4,200,880,5.1,384.99,1,2,4,1,2,Estándar,0.03027711107512112,0
MAN-0432,MQ-174,Lima,Compresor,Tarde,71.6,5.17,6.96,6161,4.6,199,911,3.6,450.8,0,1,0,2,2,Estándar,0.8162198644992242,1
MAN-0433,MQ-087,Lima,Empacadora,Noche,89.7,7.18,6.57,9286,8.4,87,816,3.14,813.81,1,1,1,1,1,Alerta,0.9061223814592142,1
MAN-0434,MQ-004,Trujillo,Inyectora,Noche,79.9,5.91,7.42,9102,3.2,168,1018,2.0,564.81,0,2,2,1,1,Alerta,0.7912057860862087,1
MAN-0435,MQ-086,Arequipa,Prensa,Noche,53.2,4.49,6.25,4859,1.0,130,1139,4.3,423.97,0,0,3,1,0,Eficientes,0.1320417407801018,0
MAN-0436,MQ-063,Arequipa,Compresor,Noche,77.0,4.45,8.11,11553,6.4,129,1055,3.16,763.03,0,0,0,1,1,Alerta,0.6762290224970541,1
MAN-0437,MQ-099,Lima,Prensa,Tarde,86.8,6.57,6.42,5372,3.8,182,888,5.11,476.78,1,1,3,2,3,Críticas,0.9312480181619317,1
MAN-0438,MQ-069,Lima,Empacadora,Tarde,76.3,5.09,6.68,10345,7.6,225,632,2.67,621.27,1,1,1,2,2,Estándar,0.8924042990615947,1
MAN-0439,MQ-030,Arequipa,Prensa,Tarde,63.7,0.5,4.79,10600,7.7,207,707,3.24,660.64,0,0,3,2,2,Estándar,0.1876434121395598,0
MAN-0440,MQ-036,Trujillo,Inyectora,Tarde,60.4,5.11,8.46,6963,4.2,235,876,4.5,621.3,1,2,2,2,2,Estándar,0.7633840889309744,1
MAN-0441,MQ-012,Arequipa,Torno CNC,Noche,72.4,2.32,5.77,4696,5.8,160,930,1.06,503.78,0,0,4,1,2,Estándar,0.33291346812367945,0
MAN-0442,MQ-041,Trujillo,Inyectora,Noche,76.6,3.13,5.24,1285,1.1,71,785,4.6,578.08,1,2,2,1,0,Eficientes,0.17856553098035527,0
MAN-0443,MQ-052,Arequipa,Empacadora,Noche,70.8,1.6,6.3,8495,3.7,112,985,2.23,552.02,0,0,1,1,2,Estándar,0.1412747730390898,0
MAN-0444,MQ-169,Arequipa,Torno CNC,Noche,56.1,4.4,6.07,2061,1.2,34,858,1.73,450.94,0,0,4,1,0,Eficientes,0.05961978100165464,0
MAN-0445,MQ-143,Trujillo,Inyectora,Mañana,86.9,0.5,6.59,4764,2.5,187,698,3.05,739.98,0,2,2,0,3,Críticas,0.3443399705336873,0
MAN-0446,MQ-013,Arequipa,Empacadora,Mañana,71.3,3.94,8.09,9530,4.4,148,707,1.07,476.51,0,0,1,0,2,Estándar,0.4498468232548136,0
MAN-0447,MQ-132,Trujillo,Torno CNC,Mañana,66.6,2.43,6.72,10128,6.8,98,997,4.18,316.66,0,2,4,0,2,Estándar,0.12740707755272762,0
MAN-0448,MQ-033,Lima,Empacadora,Mañana,90.8,6.0,6.15,7883,4.9,123,814,3.51,685.09,1,1,1,0,1,Alerta,0.8112384184570043,1
MAN-0449,MQ-141,Arequipa,Prensa,Noche,83.7,3.63,6.41,4947,3.6,111,1151,3.97,543.8,0,0,3,1,3,Críticas,0.513786981399539,1
MAN-0450,MQ-102,Lima,Empacadora,Noche,75.1,4.31,7.43,8017,4.6,160,992,4.2,377.31,0,1,1,1,2,Estándar,0.6513159645927908,1
MAN-0451,MQ-006,Arequipa,Compresor,Mañana,88.1,2.58,6.17,5724,4.7,23,811,4.28,649.22,0,0,0,0,1,Alerta,0.24897062559721375,0
MAN-0452,MQ-009,Lima,Torno CNC,Tarde,61.6,4.9,7.76,2188,2.2,219,784,3.71,649.11,1,1,4,2,3,Críticas,0.6630667534798753,1
MAN-0453,MQ-027,Lima,Empacadora,Noche,58.7,4.08,5.94,5825,1.6,153,996,2.81,581.33,0,1,1,1,0,Eficientes,0.1970865804945419,0
MAN-0454,MQ-057,Lima,Compresor,Mañana,56.4,1.8,7.7,2439,5.4,240,659,1.59,367.22,0,1,0,0,0,Eficientes,0.33473018065717697,0
MAN-0455,MQ-082,Arequipa,Prensa,Mañana,84.6,3.36,3.97,4283,2.1,83,645,1.74,677.95,1,0,3,0,3,Críticas,0.1992769562192107,0
MAN-0456,MQ-073,Trujillo,Torno CNC,Tarde,80.7,4.26,7.93,1815,1.9,15,704,3.09,481.44,0,2,4,2,0,Eficientes,0.37487652044175396,0
MAN-0457,MQ-102,Lima,Empacadora,Tarde,63.8,3.14,7.38,6108,3.3,114,952,3.2,700.1,0,1,1,2,0,Eficientes,0.260684443269453,0
MAN-0458,MQ-116,Arequipa,Prensa,Noche,86.5,2.5,4.99,1364,4.0,142,530,2.52,619.24,0,0,3,1,3,Críticas,0.49541801949878256,0
MAN-0459,MQ-180,Lima,Prensa,Mañana,62.8,2.5,6.64,1422,0.2,233,993,1.06,320.39,1,1,3,0,0,Eficientes,0.2447764123840682,0
MAN-0460,MQ-071,Lima,Empacadora,Noche,62.5,5.58,4.74,5854,4.5,233,710,3.9,503.4,1,1,1,1,2,Estándar,0.6308050321015317,1
MAN-0461,MQ-175,Arequipa,Inyectora,Noche,63.2,2.84,8.35,2300,1.4,158,835,1.64,500.14,0,0,2,1,0,Eficientes,0.2907609796742661,0
MAN-0462,MQ-077,Arequipa,Inyectora,Noche,69.4,3.38,7.19,1900,1.9,84,1104,1.4,466.32,0,0,2,1,0,Eficientes,0.227256765852973,0
MAN-0463,MQ-015,Lima,Empacadora,Noche,53.0,3.56,8.06,3200,5.2,83,1048,1.75,568.76,0,1,1,1,0,Eficientes,0.15640270335540188,0
MAN-0464,MQ-051,Trujillo,Torno CNC,Mañana,70.0,5.16,6.13,431,0.8,204,685,0.33,602.12,0,2,4,0,0,Eficientes,0.518572065982897,1
MAN-0465,MQ-130,Trujillo,Prensa,Mañana,87.7,7.13,6.5,8292,6.8,148,943,3.78,754.74,1,2,3,0,1,Alerta,0.8972762744832153,1
MAN-0466,MQ-021,Lima,Compresor,Tarde,79.2,6.08,6.6,8190,6.2,90,1053,3.4,534.94,0,1,0,2,1,Alerta,0.7744142276968471,1
MAN-0467,MQ-138,Arequipa,Compresor,Noche,76.0,6.5,5.21,10773,6.1,186,742,2.29,682.24,1,0,0,1,1,Alerta,0.8156032790065992,1
MAN-0468,MQ-146,Arequipa,Compresor,Noche,75.8,4.79,3.81,3027,2.0,105,762,2.86,703.28,0,0,0,1,3,Críticas,0.342369937016616,0
MAN-0469,MQ-131,Trujillo,Prensa,Tarde,76.4,6.7,5.9,11057,7.8,230,608,1.66,732.56,1,2,3,2,1,Alerta,0.923541662905037,1
MAN-0470,MQ-035,Trujillo,Torno CNC,Mañana,77.5,6.33,6.52,5214,4.8,32,790,5.94,470.88,0,2,4,0,1,Alerta,0.4297864334502451,0
MAN-0471,MQ-028,Trujillo,Empacadora,Noche,100.2,5.19,6.54,11480,6.4,48,839,1.85,779.36,1,2,1,1,1,Alerta,0.7820917631103428,1
MAN-0472,MQ-036,Arequipa,Inyectora,Tarde,59.1,4.1,6.44,8776,6.5,232,1135,3.31,489.08,1,0,2,2,2,Estándar,0.6047149972916116,1
MAN-0473,MQ-060,Trujillo,Empacadora,Tarde,70.5,5.52,6.22,1453,0.2,226,805,1.88,581.59,1,2,1,2,0,Eficientes,0.7646116131930683,1
MAN-0474,MQ-076,Lima,Compresor,Mañana,45.0,3.95,6.29,4306,3.2,28,903,1.06,384.4,0,1,0,0,0,Eficientes,0.02537991736533665,0
MAN-0475,MQ-078,Trujillo,Empacadora,Noche,93.8,4.24,6.63,11674,7.1,186,957,4.68,707.57,1,2,1,1,1,Alerta,0.8917578117349381,1
MAN-0476,MQ-058,Arequipa,Compresor,Mañana,80.4,1.36,6.66,6131,3.5,152,763,3.34,491.8,0,0,0,0,2,Estándar,0.30723505765261405,0
MAN-0477,MQ-133,Trujillo,Compresor,Tarde,52.2,3.92,6.08,1788,3.1,237,844,0.24,412.71,0,2,0,2,0,Eficientes,0.4351567594844051,0
MAN-0478,MQ-101,Lima,Torno CNC,Tarde,92.1,3.95,6.13,1088,2.3,167,446,2.93,770.02,1,1,4,2,3,Críticas,0.8172362212256848,1
MAN-0479,MQ-143,Arequipa,Torno CNC,Tarde,69.0,3.51,7.6,2799,4.2,218,786,2.65,696.65,1,0,4,2,3,Críticas,0.6914309348109982,1
MAN-0480,MQ-006,Arequipa,Inyectora,Noche,79.5,3.8,6.22,6875,2.8,9,1021,1.62,569.54,0,0,2,1,0,Eficientes,0.17866512684409083,0
MAN-0481,MQ-037,Arequipa,Prensa,Noche,69.2,4.43,7.39,8458,6.9,58,500,2.41,583.81,0,0,3,1,2,Estándar,0.3264224401955829,0
MAN-0482,MQ-086,Lima,Empacadora,Noche,83.1,4.28,6.61,919,0.2,138,1063,4.07,659.96,0,1,1,1,3,Críticas,0.6107170495598413,1
MAN-0483,MQ-092,Trujillo,Torno CNC,Noche,75.0,3.65,8.26,4671,3.7,65,949,2.82,643.6,0,2,4,1,0,Eficientes,0.3216187399751602,0
MAN-0484,MQ-140,Arequipa,Compresor,Tarde,66.9,2.11,8.14,4017,2.3,92,1190,4.29,708.9,0,0,0,2,3,Críticas,0.22191274119124454,0
MAN-0485,MQ-071,Trujillo,Empacadora,Mañana,69.6,4.34,5.07,7761,6.1,83,774,4.11,591.6,0,2,1,0,1,Alerta,0.21907959613740652,0
MAN-0486,MQ-146,Trujillo,Inyectora,Noche,90.1,6.87,7.31,2161,2.6,220,892,2.49,576.33,1,2,2,1,3,Críticas,0.963816542525263,1
MAN-0487,MQ-136,Trujillo,Empacadora,Noche,66.1,5.61,5.27,8901,4.6,74,649,5.46,553.52,0,2,1,1,1,Alerta,0.2728950450936214,0
MAN-0488,MQ-141,Arequipa,Compresor,Noche,84.5,5.27,5.85,1776,0.5,117,665,3.31,726.24,0,0,0,1,3,Críticas,0.6531976407809142,1
MAN-0489,MQ-009,Trujillo,Inyectora,Tarde,72.7,4.56,6.39,616,0.2,84,896,1.83,508.12,0,2,2,2,0,Eficientes,0.35016554911425307,0
MAN-0490,MQ-146,Lima,Empacadora,Tarde,63.4,4.31,6.19,6418,4.8,75,1140,1.95,517.17,0,1,1,2,0,Eficientes,0.2526219770132815,0
MAN-0491,MQ-085,Arequipa,Inyectora,Tarde,72.5,3.44,4.99,9128,6.0,155,1103,3.0,660.94,1,0,2,2,2,Estándar,0.4454030463250544,0
MAN-0492,MQ-148,Arequipa,Empacadora,Mañana,74.3,4.53,7.42,2734,4.2,19,564,2.12,673.78,0,0,1,0,3,Críticas,0.26732903557056636,0
MAN-0493,MQ-165,Trujillo,Inyectora,Tarde,64.4,2.6,8.51,10507,2.3,97,996,0.93,624.66,0,2,2,2,0,Eficientes,0.16280259219246268,0
MAN-0494,MQ-156,Arequipa,Inyectora,Tarde,69.9,3.98,6.48,4144,2.1,85,888,1.48,888.1,0,0,2,2,3,Críticas,0.2816629755847185,0
MAN-0495,MQ-099,Arequipa,Empacadora,Noche,74.7,6.8,6.9,1621,1.2,197,589,3.28,558.18,1,0,1,1,3,Críticas,0.8571015056907502,1
MAN-0496,MQ-131,Trujillo,Inyectora,Tarde,77.5,4.7,7.2,4437,2.7,6,797,4.29,535.01,1,2,2,2,0,Eficientes,0.33164552761354393,0
MAN-0497,MQ-140,Arequipa,Torno CNC,Mañana,89.8,4.07,6.92,5483,3.9,38,888,4.61,712.38,1,0,4,0,3,Críticas,0.4117187911880186,0
MAN-0498,MQ-069,Lima,Prensa,Mañana,75.3,1.07,7.91,6197,2.7,146,1094,4.83,557.87,0,1,3,0,0,Eficientes,0.20035750242274897,0
MAN-0499,MQ-081,Arequipa,Prensa,Tarde,67.0,2.78,5.47,8158,3.9,59,923,4.2,319.88,1,0,3,2,2,Estándar,0.11097861662612198,0
MAN-0500,MQ-119,Arequipa,Compresor,Mañana,68.2,2.35,6.9,1169,2.7,88,1100,3.43,570.52,0,0,0,0,0,Eficientes,0.14637320807128915,0
MAN-0501,MQ-152,Lima,Inyectora,Mañana,83.1,6.77,7.35,11144,6.1,53,1396,3.42,649.62,1,1,2,0,1,Alerta,0.6677033403505013,1
MAN-0502,MQ-005,Arequipa,Torno CNC,Mañana,59.7,5.49,6.42,10109,4.3,22,764,0.1,646.19,0,0,4,0,2,Estándar,0.08312836496216869,0
MAN-0503,MQ-032,Arequipa,Prensa,Mañana,74.4,7.04,7.31,666,1.1,182,1093,0.43,722.33,1,0,3,0,3,Críticas,0.7959977458669236,1
MAN-0504,MQ-089,Lima,Inyectora,Noche,62.9,1.68,6.54,7218,6.0,238,565,3.63,677.33,1,1,2,1,2,Estándar,0.35954718509357314,0
MAN-0505,MQ-176,Lima,Torno CNC,Noche,62.1,5.04,7.41,6704,3.5,134,1009,3.71,424.45,0,1,4,1,0,Eficientes,0.36479492734890356,0
MAN-0506,MQ-180,Arequipa,Prensa,Mañana,77.0,3.37,8.27,3625,3.1,104,687,2.18,561.55,1,0,3,0,0,Eficientes,0.38051709434323705,0
MAN-0507,MQ-135,Arequipa,Prensa,Mañana,73.3,5.13,6.61,9641,7.6,218,986,2.92,437.09,1,0,3,0,2,Estándar,0.772837753902893,1
MAN-0508,MQ-100,Trujillo,Inyectora,Tarde,67.6,5.81,6.57,5977,4.7,232,971,1.58,544.75,1,2,2,2,2,Estándar,0.8293400303583697,1
MAN-0509,MQ-138,Trujillo,Prensa,Tarde,67.6,3.57,5.1,8773,5.3,77,753,1.67,513.07,0,2,3,2,2,Estándar,0.1752468458888029,0
MAN-0510,MQ-139,Lima,Torno CNC,Noche,74.0,2.4,6.6,1889,0.2,140,703,1.11,543.5,1,1,4,1,0,Eficientes,0.22343939307596472,0
MAN-0511,MQ-107,Lima,Torno CNC,Noche,81.3,1.29,5.97,6640,2.4,4,686,4.03,544.0,0,1,4,1,0,Eficientes,0.0604459375018953,0
MAN-0512,MQ-007,Trujillo,Empacadora,Tarde,60.7,4.64,5.89,11336,3.6,96,719,2.21,511.21,0,2,1,2,2,Estándar,0.1958496087630482,0
MAN-0513,MQ-106,Trujillo,Inyectora,Noche,67.2,3.25,6.46,8472,5.3,84,911,3.35,571.34,1,2,2,1,1,Alerta,0.1817435140936414,0
MAN-0514,MQ-011,Trujillo,Torno CNC,Tarde,71.3,5.34,5.66,6827,4.1,38,922,4.63,628.15,0,2,4,2,1,Alerta,0.28370316675406937,0
MAN-0515,MQ-038,Lima,Empacadora,Mañana,81.4,5.46,6.14,3396,1.9,199,597,4.99,380.44,1,1,1,0,3,Críticas,0.7813570424099602,1
MAN-0516,MQ-142,Arequipa,Empacadora,Tarde,75.7,5.61,8.41,8008,4.9,202,682,2.93,626.34,1,0,1,2,2,Estándar,0.9023547854124366,1
MAN-0517,MQ-151,Arequipa,Inyectora,Noche,54.8,4.16,8.01,6192,5.9,204,804,0.54,559.57,0,0,2,1,2,Estándar,0.47902318991783144,0
MAN-0518,MQ-027,Lima,Inyectora,Tarde,49.1,3.61,6.66,9213,4.2,182,1063,3.72,488.87,0,1,2,2,2,Estándar,0.2055039903274471,0
MAN-0519,MQ-049,Arequipa,Torno CNC,Noche,76.2,5.87,5.46,2399,2.5,133,973,1.99,484.07,1,0,4,1,3,Críticas,0.5977287720645935,1
MAN-0520,MQ-134,Trujillo,Inyectora,Mañana,69.0,6.85,6.91,9071,6.1,10,466,3.39,543.15,1,2,2,0,1,Alerta,0.32124588715802876,0
MAN-0521,MQ-120,Arequipa,Torno CNC,Mañana,57.1,3.25,4.42,835,2.1,178,947,1.67,394.13,0,0,4,0,0,Eficientes,0.11206529894750168,0
MAN-0522,MQ-044,Trujillo,Prensa,Tarde,73.8,4.57,6.04,8005,8.0,23,890,2.17,415.17,0,2,3,2,1,Alerta,0.3482492143093377,0
MAN-0523,MQ-034,Arequipa,Compresor,Tarde,71.3,3.35,8.78,1460,1.0,102,886,2.13,444.64,1,0,0,2,0,Eficientes,0.44761240791461104,0
MAN-0524,MQ-136,Lima,Empacadora,Tarde,49.6,4.35,7.49,3988,3.7,21,677,3.25,378.22,0,1,1,2,0,Eficientes,0.08949683296382975,0
MAN-0525,MQ-039,Arequipa,Prensa,Tarde,77.9,6.57,5.88,6523,5.6,10,689,4.6,580.18,0,0,3,2,1,Alerta,0.5394016597241017,1
MAN-0526,MQ-040,Lima,Inyectora,Mañana,68.9,4.14,6.84,10082,4.2,163,1307,2.3,522.77,0,1,2,0,2,Estándar,0.3670836482797358,0
MAN-0527,MQ-013,Arequipa,Prensa,Mañana,67.6,4.43,5.06,7074,4.6,19,701,1.46,534.06,0,0,3,0,2,Estándar,0.08643482538580699,0
MAN-0528,MQ-066,Arequipa,Torno CNC,Noche,79.4,3.47,7.92,11345,10.6,31,1022,2.83,634.88,1,0,4,1,1,Alerta,0.42890501956821064,0
MAN-0529,MQ-104,Arequipa,Prensa,Mañana,69.2,4.32,7.95,3114,2.7,213,726,2.35,770.66,1,0,3,0,3,Críticas,0.6102666126868219,1
MAN-0530,MQ-085,Trujillo,Prensa,Tarde,60.8,5.97,5.92,1995,1.1,183,898,2.92,749.13,1,2,3,2,3,Críticas,0.5287741827464886,1
MAN-0531,MQ-097,Trujillo,Prensa,Tarde,102.6,2.39,7.94,9926,7.7,146,718,1.56,785.3,1,2,3,2,1,Alerta,0.8880615948367913,1
MAN-0532,MQ-019,Lima,Empacadora,Mañana,78.9,6.37,8.03,11792,9.2,91,926,0.1,387.56,0,1,1,0,2,Estándar,0.7769076365971676,1
MAN-0533,MQ-015,Lima,Torno CNC,Tarde,70.7,5.37,5.51,3550,2.3,224,1035,3.25,651.88,0,1,4,2,3,Críticas,0.7275192178620754,1
MAN-0534,MQ-080,Arequipa,Torno CNC,Mañana,57.4,2.96,5.87,11448,6.1,44,1133,1.88,337.03,0,0,4,0,2,Estándar,0.03615993103605526,0
MAN-0535,MQ-116,Trujillo,Prensa,Mañana,83.2,4.8,6.85,1065,1.8,102,920,3.25,599.6,1,2,3,0,3,Críticas,0.5268993000331075,1
MAN-0536,MQ-011,Trujillo,Inyectora,Mañana,76.3,6.09,8.59,2555,1.4,80,624,2.0,544.82,0,2,2,0,0,Eficientes,0.5641041883163975,1
MAN-0537,MQ-147,Arequipa,Prensa,Noche,81.4,7.5,6.93,1444,0.2,238,837,2.36,543.16,1,0,3,1,3,Críticas,0.9400394461449195,1
MAN-0538,MQ-154,Arequipa,Prensa,Mañana,77.2,3.24,7.4,7637,4.3,171,790,3.81,564.43,1,0,3,0,2,Estándar,0.49925145313578817,0
MAN-0539,MQ-046,Trujillo,Empacadora,Noche,65.8,4.82,5.76,10265,7.4,107,726,4.54,577.55,1,2,1,1,1,Alerta,0.3640753463638441,0
MAN-0540,MQ-078,Trujillo,Inyectora,Tarde,83.2,5.07,6.1,2415,2.0,51,606,4.74,733.47,1,2,2,2,3,Críticas,0.5214394302076375,1
MAN-0541,MQ-119,Trujillo,Compresor,Noche,66.3,1.64,8.5,801,2.4,65,514,0.1,472.43,0,2,0,1,0,Eficientes,0.12776523271316767,0
MAN-0542,MQ-144,Arequipa,Prensa,Mañana,63.0,4.82,7.76,7630,6.4,25,932,5.29,635.91,0,0,3,0,1,Alerta,0.1763183579186805,0
MAN-0543,MQ-046,Trujillo,Empacadora,Mañana,80.7,3.73,5.72,7339,5.9,12,753,2.89,786.42,0,2,1,0,1,Alerta,0.1924689168048916,0
MAN-0544,MQ-078,Lima,Compresor,Mañana,82.5,6.38,6.52,5565,5.2,166,644,4.36,731.94,0,1,0,0,3,Críticas,0.8617345730713101,1
MAN-0545,MQ-005,Lima,Torno CNC,Tarde,63.2,6.13,7.04,5775,5.0,72,931,2.98,529.57,1,1,4,2,0,Eficientes,0.43412130669238613,0
MAN-0546,MQ-020,Trujillo,Empacadora,Noche,77.7,3.94,6.52,7362,2.4,152,744,4.85,498.07,1,2,1,1,0,Eficientes,0.5102519406220557,1
MAN-0547,MQ-014,Arequipa,Empacadora,Tarde,58.5,2.84,6.62,11319,7.0,196,969,2.26,502.96,0,0,1,2,2,Estándar,0.3711351558381856,0
MAN-0548,MQ-125,Trujillo,Empacadora,Tarde,63.0,4.26,5.53,4022,3.9,120,763,3.06,602.68,0,2,1,2,0,Eficientes,0.30627423484324146,0
MAN-0549,MQ-170,Trujillo,Torno CNC,Tarde,76.3,6.14,7.63,2760,0.4,118,958,3.6,760.77,1,2,4,2,3,Críticas,0.6835772588081143,1
MAN-0550,MQ-004,Arequipa,Empacadora,Noche,65.1,6.22,5.2,6497,7.2,212,828,0.41,394.45,1,0,1,1,2,Estándar,0.767909335266621,1
MAN-0551,MQ-031,Trujillo,Compresor,Tarde,57.1,6.8,5.18,2842,3.0,41,1122,2.9,609.86,0,2,0,2,0,Eficientes,0.248928901315359,0
MAN-0552,MQ-158,Trujillo,Empacadora,Noche,71.1,6.32,6.19,3888,2.0,148,1088,1.33,607.77,1,2,1,1,0,Eficientes,0.6282709305197183,1
MAN-0553,MQ-101,Lima,Compresor,Noche,71.4,5.67,7.79,6875,5.7,97,736,3.24,613.52,1,1,0,1,1,Alerta,0.6379294499620101,1
MAN-0554,MQ-114,Arequipa,Compresor,Tarde,60.6,3.21,6.94,3573,4.7,212,811,4.0,774.11,0,0,0,2,3,Críticas,0.5403397403071023,1
MAN-0555,MQ-037,Arequipa,Compresor,Noche,70.7,0.81,5.11,6865,6.2,45,691,3.6,503.24,0,0,0,1,2,Estándar,0.06618463103057347,0
MAN-0556,MQ-122,Arequipa,Torno CNC,Mañana,81.7,3.42,5.75,10966,7.9,48,1006,2.21,587.9,0,0,4,0,2,Estándar,0.24722599922465455,0
MAN-0557,MQ-006,Trujillo,Compresor,Noche,69.5,5.39,5.0,5175,3.5,62,706,2.5,466.0,0,2,0,1,0,Eficientes,0.27457086432114935,0
MAN-0558,MQ-007,Trujillo,Compresor,Noche,85.6,5.36,7.58,9929,4.3,151,912,3.91,645.93,1,2,0,1,1,Alerta,0.8327066096260767,1
MAN-0559,MQ-030,Arequipa,Prensa,Mañana,94.0,7.49,5.52,10377,6.1,226,875,5.35,819.88,0,0,3,0,1,Alerta,0.9633801340734499,1
MAN-0560,MQ-034,Lima,Torno CNC,Tarde,76.2,3.16,4.91,8905,7.0,234,844,2.68,530.42,0,1,4,2,2,Estándar,0.6855344642096651,1
MAN-0561,MQ-167,Arequipa,Empacadora,Tarde,56.1,0.5,5.87,8419,4.0,148,924,1.4,602.76,0,0,1,2,2,Estándar,0.06297638520134874,0
MAN-0562,MQ-162,Arequipa,Empacadora,Noche,76.3,0.5,5.03,5873,2.3,165,791,2.58,415.9,0,0,1,1,0,Eficientes,0.16212280535251952,0
MAN-0563,MQ-019,Lima,Compresor,Tarde,74.6,7.25,5.96,9572,7.8,89,751,6.27,700.5,1,1,0,2,1,Alerta,0.8070802906908056,1
MAN-0564,MQ-062,Trujillo,Empacadora,Mañana,71.0,5.48,6.87,5964,3.4,149,980,3.58,534.14,1,2,1,0,0,Eficientes,0.5445779122609504,1
MAN-0565,MQ-032,Lima,Prensa,Mañana,84.4,6.89,4.81,5126,2.5,79,937,1.41,845.27,1,1,3,0,3,Críticas,0.5541363813724661,1
MAN-0566,MQ-066,Trujillo,Inyectora,Mañana,84.8,5.34,6.46,7924,4.9,94,994,3.54,671.22,0,2,2,0,1,Alerta,0.602162916518209,1
MAN-0567,MQ-104,Arequipa,Inyectora,Tarde,61.3,3.8,8.6,11154,7.5,104,523,3.82,353.04,0,0,2,2,2,Estándar,0.39832072642650374,0
MAN-0568,MQ-124,Trujillo,Inyectora,Tarde,72.5,4.12,8.3,4634,5.0,178,1103,1.9,590.98,0,2,2,2,0,Eficientes,0.7540067243329549,1
MAN-0569,MQ-062,Arequipa,Torno CNC,Mañana,68.4,3.01,8.83,10181,7.7,167,943,2.97,620.13,0,0,4,0,2,Estándar,0.4583605419039149,0
MAN-0570,MQ-153,Trujillo,Prensa,Tarde,79.9,4.76,5.35,1960,1.1,70,644,3.44,544.46,0,2,3,2,3,Críticas,0.3992614551084086,0
MAN-0571,MQ-064,Lima,Compresor,Tarde,87.4,5.44,5.92,3089,1.9,2,1173,0.74,406.27,0,1,0,2,0,Eficientes,0.5088777236652569,1
MAN-0572,MQ-154,Arequipa,Prensa,Tarde,61.3,2.52,7.32,6838,7.5,66,574,3.09,626.61,0,0,3,2,2,Estándar,0.1724952217128883,0
MAN-0573,MQ-021,Lima,Compresor,Noche,62.2,4.99,7.36,9355,5.9,24,728,1.99,462.3,0,1,0,1,2,Estándar,0.20139007525931293,0
MAN-0574,MQ-128,Trujillo,Prensa,Mañana,64.3,2.86,8.74,4976,3.9,125,976,3.44,472.85,1,2,3,0,0,Eficientes,0.22429007058953623,0
MAN-0575,MQ-013,Trujillo,Compresor,Tarde,59.2,4.4,6.81,5193,4.7,182,580,1.59,529.83,0,2,0,2,0,Eficientes,0.5146702956169187,1
MAN-0576,MQ-028,Lima,Torno CNC,Tarde,87.1,6.49,5.65,7579,1.5,232,1134,3.81,872.3,0,1,4,2,3,Críticas,0.9169568328433588,1
MAN-0577,MQ-145,Trujillo,Empacadora,Noche,83.6,5.98,7.23,3935,1.5,6,873,3.45,623.78,0,2,1,1,3,Críticas,0.473549670628605,0
MAN-0578,MQ-011,Arequipa,Empacadora,Noche,72.6,1.88,5.4,7537,2.4,25,724,4.01,577.04,0,0,1,1,0,Eficientes,0.05543395894816686,0
MAN-0579,MQ-079,Lima,Torno CNC,Mañana,67.5,3.13,5.21,9213,5.1,221,734,0.91,486.48,1,1,4,0,2,Estándar,0.3117957880773561,0
MAN-0580,MQ-086,Lima,Torno CNC,Tarde,77.7,2.37,6.27,1416,3.3,140,1158,1.73,519.35,0,1,4,2,0,Eficientes,0.42006142631311405,0
MAN-0581,MQ-108,Arequipa,Torno CNC,Tarde,72.1,5.13,5.24,795,0.3,166,845,3.79,477.9,1,0,4,2,3,Críticas,0.5485032515881508,1
MAN-0582,MQ-046,Lima,Prensa,Tarde,66.1,4.02,5.52,8344,5.0,162,757,3.58,654.43,0,1,3,2,2,Estándar,0.4012566987989027,0
MAN-0583,MQ-095,Lima,Prensa,Mañana,66.7,5.57,7.8,10723,6.3,164,752,2.34,623.41,1,1,3,0,2,Estándar,0.5830249141440116,1
MAN-0584,MQ-076,Arequipa,Compresor,Noche,78.3,5.9,6.81,5529,5.0,197,777,3.03,575.5,1,0,0,1,3,Críticas,0.8833909800929852,1
MAN-0585,MQ-051,Arequipa,Torno CNC,Mañana,69.1,5.16,5.57,6206,5.1,175,876,2.32,622.81,1,0,4,0,2,Estándar,0.4889840009001935,0
MAN-0586,MQ-035,Arequipa,Empacadora,Noche,83.1,2.96,8.05,1483,0.9,138,1121,3.09,686.06,1,0,1,1,3,Críticas,0.5748976231127814,1
MAN-0587,MQ-079,Trujillo,Torno CNC,Tarde,77.2,4.5,6.46,558,1.3,17,755,0.81,628.82,0,2,4,2,0,Eficientes,0.25896266703492316,0
MAN-0588,MQ-125,Lima,Prensa,Tarde,61.1,4.31,7.41,10287,7.1,66,730,0.33,578.69,0,1,3,2,2,Estándar,0.25074437953393947,0
MAN-0589,MQ-091,Lima,Compresor,Mañana,55.4,3.97,7.09,5277,2.3,62,724,3.16,513.31,0,1,0,0,0,Eficientes,0.0757274635697182,0
MAN-0590,MQ-041,Lima,Compresor,Mañana,79.5,4.68,8.1,1200,3.3,116,850,0.76,633.45,0,1,0,0,0,Eficientes,0.6498474060956361,1
MAN-0591,MQ-044,Trujillo,Torno CNC,Noche,76.1,3.91,7.27,10588,5.4,100,1024,1.78,624.69,0,2,4,1,1,Alerta,0.38189262462995305,0
MAN-0592,MQ-163,Lima,Prensa,Tarde,52.7,1.61,3.21,4778,4.8,127,1052,3.21,309.97,0,1,3,2,0,Eficientes,0.04257551906170443,0
MAN-0593,MQ-053,Lima,Empacadora,Tarde,70.0,3.38,7.58,8058,5.9,199,829,0.93,579.54,0,1,1,2,2,Estándar,0.6726905217409869,1
MAN-0594,MQ-166,Trujillo,Empacadora,Noche,86.1,8.13,5.63,6915,3.2,52,963,4.22,569.31,1,2,1,1,1,Alerta,0.7734547887296427,1
MAN-0595,MQ-089,Lima,Empacadora,Mañana,87.4,5.44,6.52,10864,6.9,150,1236,2.73,628.88,0,1,1,0,1,Alerta,0.8153859446638715,1
MAN-0596,MQ-019,Arequipa,Empacadora,Noche,67.8,4.96,7.49,9232,6.8,99,1206,4.24,792.18,0,0,1,1,1,Alerta,0.4894726045908336,0
MAN-0597,MQ-024,Trujillo,Compresor,Mañana,66.0,3.35,5.7,8206,7.4,231,722,3.23,550.88,0,2,0,0,2,Estándar,0.5111562411428943,1
MAN-0598,MQ-081,Lima,Compresor,Mañana,64.2,4.43,6.0,7739,5.5,160,644,4.78,738.75,0,1,0,0,1,Alerta,0.3681711926261757,0
MAN-0599,MQ-151,Lima,Torno CNC,Tarde,88.6,6.34,7.9,1275,1.3,69,1189,4.45,645.86,1,1,4,2,3,Críticas,0.817517743478876,1
MAN-0600,MQ-153,Arequipa,Compresor,Mañana,78.5,6.02,6.81,2400,2.1,178,1282,2.32,701.31,0,0,0,0,3,Críticas,0.7898257435951529,1
MAN-0601,MQ-167,Trujillo,Empacadora,Noche,76.7,4.36,5.71,9000,8.5,153,885,1.55,610.7,1,2,1,1,1,Alerta,0.6615714971216418,1
MAN-0602,MQ-131,Trujillo,Inyectora,Tarde,75.7,4.79,6.57,2003,2.7,65,770,0.34,520.59,0,2,2,2,0,Eficientes,0.4439522365462899,0
MAN-0603,MQ-121,Arequipa,Torno CNC,Mañana,74.4,5.51,6.68,9223,7.1,228,717,0.1,543.23,1,0,4,0,2,Estándar,0.8055070933375021,1
MAN-0604,MQ-024,Arequipa,Torno CNC,Mañana,77.9,5.17,6.47,10414,5.6,132,931,2.3,440.36,1,0,4,0,2,Estándar,0.5477777903000339,1
MAN-0605,MQ-066,Lima,Empacadora,Mañana,76.1,6.16,6.17,495,2.0,101,966,3.47,623.04,0,1,1,0,3,Críticas,0.5582287738825469,1
MAN-0606,MQ-027,Lima,Torno CNC,Noche,62.7,5.51,7.88,3471,1.9,151,1003,0.63,531.29,0,1,4,1,0,Eficientes,0.4660959969944567,0
MAN-0607,MQ-090,Lima,Torno CNC,Mañana,80.2,4.18,5.97,10066,7.0,185,1090,2.09,393.09,1,1,4,0,2,Estándar,0.6414735042175654,1
MAN-0608,MQ-074,Lima,Torno CNC,Tarde,71.7,1.6,7.88,10884,5.5,199,776,1.55,653.32,1,1,4,2,2,Estándar,0.44095495927579975,0
MAN-0609,MQ-062,Lima,Torno CNC,Tarde,54.2,5.21,4.89,6396,6.0,171,739,1.44,439.82,0,1,4,2,2,Estándar,0.35231666974580766,0
MAN-0610,MQ-073,Lima,Empacadora,Mañana,68.6,8.32,5.83,9568,7.0,50,837,4.52,662.35,0,1,1,0,1,Alerta,0.5594580868081321,1
MAN-0611,MQ-014,Lima,Inyectora,Noche,61.0,6.63,5.24,2230,1.9,144,909,3.91,741.61,0,1,2,1,3,Críticas,0.43686829832028823,0
MAN-0612,MQ-083,Trujillo,Prensa,Tarde,77.4,4.25,7.79,4988,4.9,103,1027,3.45,668.13,1,2,3,2,1,Alerta,0.6211713897589821,1
MAN-0613,MQ-100,Lima,Inyectora,Noche,68.6,4.91,6.22,651,0.2,228,806,4.05,615.58,1,1,2,1,3,Críticas,0.6365055412396667,1
MAN-0614,MQ-133,Arequipa,Inyectora,Mañana,79.4,4.71,7.57,9323,6.9,209,830,1.16,597.26,1,0,2,0,2,Estándar,0.8222394703169555,1
MAN-0615,MQ-051,Lima,Compresor,Noche,57.5,5.76,6.75,8881,3.6,16,952,1.0,769.81,0,1,0,1,1,Alerta,0.1237182839825498,0
MAN-0616,MQ-079,Lima,Torno CNC,Mañana,70.0,4.87,6.11,1053,0.2,105,867,1.73,479.19,0,1,4,0,0,Eficientes,0.23240106091454352,0
MAN-0617,MQ-047,Trujillo,Compresor,Mañana,55.2,4.26,6.85,10513,6.0,69,905,0.82,314.56,1,2,0,0,2,Estándar,0.10284415944897635,0
MAN-0618,MQ-085,Arequipa,Empacadora,Tarde,75.2,5.24,5.42,2227,0.2,199,1069,3.83,623.18,0,0,1,2,3,Críticas,0.721211682798844,1
MAN-0619,MQ-077,Trujillo,Prensa,Noche,80.4,4.29,4.42,4272,2.9,83,546,2.63,786.39,0,2,3,1,3,Críticas,0.30096769516296923,0
MAN-0620,MQ-139,Lima,Compresor,Noche,58.8,3.79,5.47,3202,5.3,210,911,2.29,498.31,1,1,0,1,0,Eficientes,0.42773554512082196,0
MAN-0621,MQ-079,Arequipa,Prensa,Mañana,80.7,5.76,8.33,8214,4.4,235,1174,3.54,718.91,1,0,3,0,3,Críticas,0.9009732630068653,1
MAN-0622,MQ-082,Arequipa,Prensa,Noche,70.2,4.36,7.59,1021,0.2,64,735,4.38,482.62,1,0,3,1,0,Eficientes,0.2530390547530749,0
MAN-0623,MQ-080,Arequipa,Prensa,Tarde,82.5,3.83,10.04,186,1.0,65,653,3.01,563.34,1,0,3,2,3,Críticas,0.6331052879180159,1
MAN-0624,MQ-122,Lima,Compresor,Mañana,67.7,0.93,8.37,6785,3.6,109,801,0.1,555.14,0,1,0,0,0,Eficientes,0.11178456018881539,0
MAN-0625,MQ-084,Arequipa,Torno CNC,Tarde,81.1,1.88,6.06,9639,3.8,209,876,3.11,763.6,0,0,4,2,2,Estándar,0.5238499698287034,1
MAN-0626,MQ-014,Arequipa,Compresor,Noche,66.5,6.19,8.11,10378,5.2,119,975,5.75,353.72,1,0,0,1,2,Estándar,0.6497009923877143,1
MAN-0627,MQ-062,Arequipa,Empacadora,Tarde,82.7,5.91,6.87,1734,0.3,58,1003,2.32,767.74,0,0,1,2,3,Críticas,0.6327973083190909,1
MAN-0628,MQ-123,Arequipa,Prensa,Tarde,85.0,7.92,6.49,8943,3.8,58,737,4.45,770.55,1,0,3,2,3,Críticas,0.8189158045328444,1
MAN-0629,MQ-056,Arequipa,Torno CNC,Mañana,78.2,1.71,6.81,3930,3.1,118,720,1.3,267.98,0,0,4,0,0,Eficientes,0.20432785512347995,0
MAN-0630,MQ-082,Lima,Inyectora,Tarde,65.2,4.06,6.47,3475,1.9,35,1094,6.57,576.57,0,1,2,2,3,Críticas,0.1558899346444882,0
MAN-0631,MQ-167,Lima,Prensa,Mañana,82.5,5.32,8.06,7872,3.7,35,915,4.29,684.14,1,1,3,0,1,Alerta,0.4456829636885038,0
MAN-0632,MQ-039,Arequipa,Prensa,Mañana,81.5,3.76,6.67,7060,6.5,229,545,0.82,437.97,1,0,3,0,2,Estándar,0.7844249376868658,1
MAN-0633,MQ-101,Arequipa,Inyectora,Tarde,65.0,4.16,6.43,4252,2.6,135,677,2.14,571.84,1,0,2,2,0,Eficientes,0.3657103855121523,0
MAN-0634,MQ-155,Lima,Compresor,Tarde,66.9,1.81,5.43,1621,0.9,107,941,4.25,578.35,0,1,0,2,0,Eficientes,0.12554509749129428,0
MAN-0635,MQ-169,Lima,Compresor,Tarde,70.6,7.34,6.58,3809,3.7,92,1197,0.56,493.73,1,1,0,2,0,Eficientes,0.734718349825428,1
MAN-0636,MQ-156,Trujillo,Torno CNC,Noche,75.8,4.01,5.92,8853,6.1,207,494,2.79,545.17,1,2,4,1,2,Estándar,0.6493817690088078,1
MAN-0637,MQ-063,Trujillo,Compresor,Noche,76.2,4.98,6.98,7025,3.1,61,1037,1.03,401.36,1,2,0,1,0,Eficientes,0.4036935619835149,0
MAN-0638,MQ-075,Trujillo,Empacadora,Mañana,57.5,3.49,5.89,6567,5.0,210,1056,4.55,510.18,0,2,1,0,2,Estándar,0.275617727081778,0
MAN-0639,MQ-147,Trujillo,Torno CNC,Tarde,60.8,3.07,6.42,7934,6.5,91,741,4.79,561.52,0,2,4,2,2,Estándar,0.17025985696578863,0
MAN-0640,MQ-143,Arequipa,Prensa,Tarde,82.4,8.21,7.19,798,1.8,145,757,3.42,456.27,1,0,3,2,3,Críticas,0.9387297294712343,1
MAN-0641,MQ-154,Trujillo,Inyectora,Mañana,53.0,1.19,8.76,3967,0.2,65,648,3.94,513.55,0,2,2,0,0,Eficientes,0.02178426478832229,0
MAN-0642,MQ-168,Lima,Empacadora,Mañana,82.4,7.87,6.11,10652,6.6,40,513,4.76,520.15,1,1,1,0,1,Alerta,0.7068695057709932,1
MAN-0643,MQ-012,Arequipa,Inyectora,Tarde,70.2,4.88,6.45,220,1.6,185,1158,3.57,619.27,0,0,2,2,3,Críticas,0.6818526174972971,1
MAN-0644,MQ-114,Arequipa,Empacadora,Tarde,54.1,1.04,6.96,11127,7.0,20,940,3.17,708.79,0,0,1,2,2,Estándar,0.030196341079493618,0
MAN-0645,MQ-079,Lima,Prensa,Mañana,80.6,5.9,6.95,11977,5.0,85,1076,0.34,641.54,1,1,3,0,1,Alerta,0.5253496481844052,1
MAN-0646,MQ-040,Lima,Prensa,Tarde,80.3,6.46,5.58,2781,3.6,2,963,4.16,700.02,0,1,3,2,3,Críticas,0.4951714636882077,0
MAN-0647,MQ-102,Trujillo,Empacadora,Tarde,77.6,4.28,4.89,8255,4.9,10,1099,3.81,458.35,1,2,1,2,1,Alerta,0.23251864778601625,0
MAN-0648,MQ-126,Arequipa,Prensa,Tarde,74.1,3.47,6.86,11212,9.2,23,926,2.87,675.08,1,0,3,2,1,Alerta,0.30164718814557134,0
MAN-0649,MQ-116,Lima,Compresor,Noche,86.2,4.66,7.37,7103,3.7,151,643,3.63,431.1,0,1,0,1,1,Alerta,0.8034964423364558,1
MAN-0650,MQ-054,Trujillo,Empacadora,Mañana,65.7,1.35,7.86,1038,2.5,205,698,2.06,371.14,0,2,1,0,0,Eficientes,0.27023941305442495,0
MAN-0651,MQ-123,Lima,Torno CNC,Mañana,73.0,3.1,6.15,5975,3.1,197,835,3.23,736.43,1,1,4,0,3,Críticas,0.3615377556522371,0
MAN-0652,MQ-138,Trujillo,Inyectora,Mañana,59.7,3.16,6.76,9206,7.1,97,837,1.18,404.75,0,2,2,0,2,Estándar,0.12523698221473606,0
MAN-0653,MQ-045,Arequipa,Compresor,Noche,84.5,5.41,4.61,11685,8.1,77,1396,2.11,728.54,1,0,0,1,1,Alerta,0.6217167305752795,1
MAN-0654,MQ-104,Lima,Torno CNC,Mañana,58.0,2.64,9.67,3556,0.8,97,907,4.93,521.47,0,1,4,0,0,Eficientes,0.09605745711847434,0
MAN-0655,MQ-124,Trujillo,Compresor,Noche,78.8,3.54,5.94,9434,5.0,198,753,4.83,509.24,1,2,0,1,1,Alerta,0.6539839454988758,1
MAN-0656,MQ-095,Trujillo,Compresor,Mañana,59.8,4.01,5.6,5592,3.0,147,892,2.7,777.17,0,2,0,0,0,Eficientes,0.1716661609212896,0
MAN-0657,MQ-168,Lima,Prensa,Mañana,64.9,3.53,5.33,10716,6.7,120,1004,2.18,464.85,0,1,3,0,2,Estándar,0.160174329025574,0
MAN-0658,MQ-112,Trujillo,Torno CNC,Noche,79.0,5.61,5.23,9674,6.3,240,998,0.1,637.48,1,2,4,1,2,Estándar,0.8401907890764764,1
MAN-0659,MQ-057,Lima,Torno CNC,Mañana,74.8,5.42,5.95,10562,5.2,53,869,0.95,683.14,0,1,4,0,1,Alerta,0.2579807103044149,0
MAN-0660,MQ-121,Trujillo,Prensa,Noche,64.2,3.0,5.12,6224,4.9,120,750,2.92,404.18,0,2,3,1,0,Eficientes,0.15051798779140535,0
MAN-0661,MQ-035,Lima,Compresor,Noche,80.7,3.51,7.86,7002,4.4,104,737,0.98,539.1,1,1,0,1,0,Eficientes,0.5428730727070858,1
MAN-0662,MQ-048,Lima,Inyectora,Noche,65.9,1.88,5.28,1457,1.8,182,776,2.57,394.04,0,1,2,1,0,Eficientes,0.18675990504456635,0
MAN-0663,MQ-135,Lima,Prensa,Noche,74.9,4.44,9.37,553,2.1,220,682,0.1,589.67,1,1,3,1,0,Eficientes,0.8313917749611222,1
MAN-0664,MQ-068,Trujillo,Empacadora,Tarde,81.9,4.56,7.69,3707,3.3,215,866,3.58,748.24,1,2,1,2,3,Críticas,0.8924376676347033,1
MAN-0665,MQ-046,Arequipa,Empacadora,Tarde,62.0,2.91,6.97,11034,8.9,152,491,1.61,581.93,1,0,1,2,2,Estándar,0.4021609192673228,0
MAN-0666,MQ-143,Arequipa,Prensa,Tarde,81.3,3.58,6.91,10516,5.4,77,654,0.14,689.73,0,0,3,2,2,Estándar,0.44528711071627325,0
MAN-0667,MQ-050,Arequipa,Compresor,Noche,66.5,4.55,7.38,6510,5.4,192,870,4.37,508.45,0,0,0,1,2,Estándar,0.6754448476660148,1
MAN-0668,MQ-090,Lima,Torno CNC,Tarde,65.2,2.78,9.93,475,3.9,63,756,2.79,520.73,0,1,4,2,0,Eficientes,0.2956217231016388,0
MAN-0669,MQ-077,Arequipa,Prensa,Noche,76.4,3.89,6.0,3891,1.3,188,715,4.14,415.67,1,0,3,1,0,Eficientes,0.5397097751783475,1
MAN-0670,MQ-151,Lima,Inyectora,Noche,86.3,5.01,4.89,1408,0.3,53,719,0.98,638.49,1,1,2,1,3,Críticas,0.3833309889419802,0
MAN-0671,MQ-079,Arequipa,Compresor,Mañana,69.2,2.6,5.54,6306,5.0,231,968,3.52,837.59,1,0,0,0,2,Estándar,0.426412372058139,0
MAN-0672,MQ-036,Trujillo,Compresor,Mañana,56.9,4.13,7.44,6814,4.1,16,678,3.38,424.49,0,2,0,0,0,Eficientes,0.06934118672297497,0
MAN-0673,MQ-011,Trujillo,Torno CNC,Tarde,79.2,6.28,6.56,10277,4.6,119,506,2.27,520.7,0,2,4,2,1,Alerta,0.7318875546548325,1
MAN-0674,MQ-133,Arequipa,Compresor,Mañana,70.3,2.88,4.69,7916,2.8,174,903,5.9,557.68,0,0,0,0,2,Estándar,0.22388661868214796,0
MAN-0675,MQ-171,Lima,Inyectora,Mañana,79.6,2.79,6.95,7174,2.1,143,888,1.17,654.25,1,1,2,0,0,Eficientes,0.321714280430341,0
MAN-0676,MQ-067,Trujillo,Empacadora,Noche,58.9,4.69,6.29,7483,7.6,168,645,2.78,690.25,0,2,1,1,2,Estándar,0.45665345974103144,0
MAN-0677,MQ-061,Lima,Compresor,Mañana,68.3,3.72,7.7,4079,2.2,98,721,2.02,361.9,0,1,0,0,0,Eficientes,0.24648810218421577,0
MAN-0678,MQ-032,Lima,Torno CNC,Tarde,68.4,5.66,5.29,11633,7.4,65,637,3.07,709.45,0,1,4,2,1,Alerta,0.36100454289893125,0
MAN-0679,MQ-167,Lima,Inyectora,Tarde,70.4,2.55,6.37,7389,6.1,215,1090,3.84,536.4,1,1,2,2,2,Estándar,0.5838100444534479,1
MAN-0680,MQ-071,Arequipa,Torno CNC,Noche,73.3,5.12,6.4,11520,8.1,217,1164,4.14,609.59,0,0,4,1,2,Estándar,0.7952156067580708,1
MAN-0681,MQ-087,Trujillo,Compresor,Noche,84.2,6.43,4.17,853,1.4,223,858,3.04,716.94,1,2,0,1,3,Críticas,0.8801814560701489,1
MAN-0682,MQ-098,Trujillo,Inyectora,Tarde,73.8,4.57,4.53,8070,6.4,204,746,1.63,477.0,1,2,2,2,2,Estándar,0.6979551139825717,1
MAN-0683,MQ-040,Lima,Torno CNC,Tarde,74.7,6.16,6.22,4503,3.5,135,1250,5.31,535.79,0,1,4,2,3,Críticas,0.7214368199392742,1
MAN-0684,MQ-166,Lima,Prensa,Mañana,59.9,1.26,6.63,10460,8.6,231,244,3.23,456.84,0,1,3,0,2,Estándar,0.2396484136536071,0
MAN-0685,MQ-163,Arequipa,Torno CNC,Tarde,68.5,4.96,5.25,10247,6.5,82,727,3.53,538.68,0,0,4,2,2,Estándar,0.33559635875136473,0
MAN-0686,MQ-030,Trujillo,Compresor,Noche,89.9,2.83,7.32,5716,3.8,83,677,5.62,388.59,0,2,0,1,0,Eficientes,0.5533704917770785,1
MAN-0687,MQ-031,Trujillo,Prensa,Noche,80.6,3.66,7.68,5208,2.5,81,969,3.06,612.88,1,2,3,1,0,Eficientes,0.3935611152109523,0
MAN-0688,MQ-020,Trujillo,Prensa,Noche,70.3,0.98,6.06,8288,6.4,233,942,2.12,710.34,0,2,3,1,2,Estándar,0.34409889570499874,0
MAN-0689,MQ-025,Lima,Compresor,Mañana,54.4,2.17,5.46,1577,1.5,25,983,2.11,459.71,0,1,0,0,0,Eficientes,0.016823578599455945,0
MAN-0690,MQ-120,Trujillo,Inyectora,Tarde,76.3,7.51,6.47,10474,7.9,68,512,2.07,568.33,1,2,2,2,1,Alerta,0.787345089575151,1
MAN-0691,MQ-114,Arequipa,Inyectora,Tarde,72.5,0.98,5.0,10721,6.9,180,569,2.9,690.36,0,0,2,2,2,Estándar,0.27787992515619475,0
MAN-0692,MQ-126,Arequipa,Empacadora,Mañana,82.2,6.0,6.07,6583,4.2,83,743,3.53,703.05,1,0,1,0,3,Críticas,0.5964540853356288,1
MAN-0693,MQ-151,Trujillo,Compresor,Noche,79.0,6.96,7.25,6635,4.7,8,975,1.72,444.88,0,2,0,1,1,Alerta,0.5942002381245541,1
MAN-0694,MQ-038,Arequipa,Empacadora,Mañana,54.6,4.3,6.7,9377,4.9,23,794,2.17,513.74,0,0,1,0,2,Estándar,0.055543316769155776,0
MAN-0695,MQ-170,Lima,Prensa,Mañana,79.6,5.61,4.71,9658,5.4,24,1131,1.71,649.02,0,1,3,0,1,Alerta,0.25048920519934365,0
MAN-0696,MQ-143,Lima,Empacadora,Mañana,66.7,1.82,5.53,4962,1.4,91,1068,3.01,404.2,0,1,1,0,0,Eficientes,0.05539393958594124,0
MAN-0697,MQ-078,Lima,Inyectora,Tarde,82.3,7.43,3.27,7974,5.0,187,1150,3.37,820.61,1,1,2,2,3,Críticas,0.8812397736202389,1
MAN-0698,MQ-054,Lima,Compresor,Mañana,81.5,6.49,7.58,3525,4.3,86,903,2.68,660.7,1,1,0,0,3,Críticas,0.7559861006474755,1
MAN-0699,MQ-045,Arequipa,Compresor,Mañana,66.5,4.29,4.5,9268,6.0,166,929,2.19,615.7,0,0,0,0,2,Estándar,0.32518632669991226,0
MAN-0700,MQ-014,Arequipa,Empacadora,Noche,62.2,1.01,5.72,3964,4.3,112,735,3.71,538.63,0,0,1,1,0,Eficientes,0.07886823945289619,0
MAN-0701,MQ-138,Lima,Inyectora,Noche,84.4,3.59,7.19,11713,7.1,131,752,3.23,692.56,1,1,2,1,1,Alerta,0.6542961041270402,1
MAN-0702,MQ-133,Lima,Prensa,Mañana,62.5,4.24,5.93,9104,7.7,133,1026,3.71,605.0,0,1,3,0,2,Estándar,0.267431388872952,0
MAN-0703,MQ-169,Arequipa,Inyectora,Noche,66.9,3.75,4.87,5485,4.7,139,568,2.64,476.02,0,0,2,1,2,Estándar,0.27889806507355125,0
MAN-0704,MQ-078,Trujillo,Torno CNC,Tarde,70.7,4.33,7.06,1887,3.1,53,959,4.13,551.55,1,2,4,2,0,Eficientes,0.31101069185750135,0
MAN-0705,MQ-031,Lima,Torno CNC,Mañana,69.9,3.92,7.54,354,2.1,64,868,3.45,552.34,0,1,4,0,0,Eficientes,0.19678568522087214,0
MAN-0706,MQ-051,Trujillo,Prensa,Noche,82.1,0.52,6.46,7231,4.1,210,540,0.7,477.65,0,2,3,1,2,Estándar,0.39255695564638293,0
MAN-0707,MQ-100,Trujillo,Torno CNC,Tarde,91.8,5.05,7.84,3907,4.6,138,812,2.98,728.92,1,2,4,2,3,Críticas,0.8985657242756397,1
MAN-0708,MQ-109,Trujillo,Empacadora,Tarde,81.8,4.69,5.37,8712,5.8,146,634,2.0,544.46,0,2,1,2,1,Alerta,0.7214793601771958,1
MAN-0709,MQ-001,Lima,Empacadora,Noche,88.8,6.39,6.55,11401,6.4,38,690,2.37,570.75,1,1,1,1,1,Alerta,0.7212340721489154,1
MAN-0710,MQ-110,Lima,Compresor,Noche,80.3,6.06,5.77,8978,6.5,47,640,2.1,466.36,0,1,0,1,1,Alerta,0.5833037006563566,1
MAN-0711,MQ-112,Lima,Torno CNC,Tarde,59.8,5.2,7.34,805,2.3,155,656,3.71,402.38,1,1,4,2,0,Eficientes,0.49685398052218566,0
MAN-0712,MQ-154,Trujillo,Torno CNC,Mañana,62.4,2.48,6.2,11661,6.7,112,1005,2.43,446.41,0,2,4,0,2,Estándar,0.09107882615068959,0
MAN-0713,MQ-004,Lima,Torno CNC,Mañana,65.2,4.84,7.76,7841,5.0,24,804,3.59,478.06,0,1,4,0,2,Estándar,0.15485948593753274,0
MAN-0714,MQ-057,Lima,Prensa,Mañana,60.2,3.19,4.84,4201,4.4,71,893,3.49,512.53,0,1,3,0,0,Eficientes,0.05940806913168763,0
MAN-0715,MQ-015,Lima,Empacadora,Noche,68.5,3.38,6.18,10631,5.8,29,760,3.81,519.73,0,1,1,1,1,Alerta,0.12303545164237036,0
MAN-0716,MQ-029,Arequipa,Empacadora,Noche,85.3,5.57,6.13,9526,7.8,100,754,4.27,764.31,1,0,1,1,1,Alerta,0.7803916945307428,1
MAN-0717,MQ-122,Arequipa,Prensa,Noche,86.5,4.15,5.34,4910,3.9,225,1026,5.81,611.78,0,0,3,1,3,Críticas,0.8246137617127398,1
MAN-0718,MQ-160,Lima,Torno CNC,Noche,74.1,6.56,7.54,1435,4.1,24,898,4.38,548.7,1,1,4,1,3,Críticas,0.5254446888585871,1
MAN-0719,MQ-036,Lima,Torno CNC,Tarde,88.0,5.14,5.63,9323,2.7,57,902,1.38,744.35,0,1,4,2,1,Alerta,0.5010572231200049,1
MAN-0720,MQ-129,Lima,Torno CNC,Noche,77.5,5.73,8.71,11764,4.8,238,842,3.04,531.32,0,1,4,1,2,Estándar,0.8979937939309898,1
MAN-0721,MQ-040,Trujillo,Torno CNC,Tarde,88.4,4.29,7.66,7359,4.9,150,934,2.92,776.1,1,2,4,2,1,Alerta,0.8274797310055645,1
MAN-0722,MQ-123,Trujillo,Empacadora,Mañana,77.5,4.24,5.85,9541,7.4,197,735,0.6,521.1,0,2,1,0,2,Estándar,0.6732070217105611,1
MAN-0723,MQ-056,Trujillo,Compresor,Mañana,64.7,1.38,5.89,5125,4.4,228,795,3.69,491.35,0,2,0,0,0,Eficientes,0.24495473161659984,0
MAN-0724,MQ-046,Arequipa,Torno CNC,Mañana,63.0,1.87,8.88,6530,3.9,80,789,3.56,591.48,0,0,4,0,2,Estándar,0.09001091965753985,0
MAN-0725,MQ-044,Arequipa,Empacadora,Tarde,67.9,4.5,5.13,1600,1.8,172,823,3.34,473.67,1,0,1,2,0,Eficientes,0.5048152198711637,1
MAN-0726,MQ-026,Lima,Torno CNC,Noche,79.6,5.53,7.6,11207,7.9,42,624,5.95,322.07,1,1,4,1,1,Alerta,0.5856460474764001,1
MAN-0727,MQ-032,Lima,Empacadora,Noche,77.2,5.73,7.84,9331,6.0,211,860,3.71,713.21,1,1,1,1,1,Alerta,0.8928213418378281,1
MAN-0728,MQ-125,Lima,Prensa,Noche,70.5,2.64,6.35,1952,0.2,64,576,1.49,507.35,0,1,3,1,0,Eficientes,0.09831402622589637,0
MAN-0729,MQ-146,Trujillo,Torno CNC,Mañana,59.2,1.43,8.37,3124,3.2,234,825,4.32,565.51,0,2,4,0,0,Eficientes,0.23914233778743899,0
MAN-0730,MQ-115,Arequipa,Inyectora,Tarde,74.6,0.93,3.71,9135,8.0,198,1019,2.71,586.78,0,0,2,2,2,Estándar,0.33402927039146774,0
MAN-0731,MQ-091,Trujillo,Torno CNC,Noche,95.6,3.61,4.49,8629,6.6,227,698,3.05,818.3,1,2,4,1,1,Alerta,0.8549046860610655,1
MAN-0732,MQ-089,Arequipa,Compresor,Noche,88.2,5.82,5.08,3718,5.6,236,1212,2.64,687.9,1,0,0,1,3,Críticas,0.9461563027970482,1
MAN-0733,MQ-136,Lima,Compresor,Tarde,72.1,1.93,5.37,4239,3.1,182,1123,1.16,588.16,0,1,0,2,0,Eficientes,0.35676876986933054,0
MAN-0734,MQ-112,Arequipa,Empacadora,Mañana,61.9,4.21,3.74,10860,8.9,148,590,2.42,538.72,0,0,1,0,2,Estándar,0.23315431993885732,0
MAN-0735,MQ-112,Trujillo,Empacadora,Mañana,69.5,1.93,5.48,7783,5.4,208,928,0.48,483.27,0,2,1,0,2,Estándar,0.2728666626569896,0
MAN-0736,MQ-042,Lima,Compresor,Noche,91.0,6.71,6.07,6275,3.6,67,660,6.06,681.46,1,1,0,1,3,Críticas,0.8069129616115254,1
MAN-0737,MQ-019,Lima,Prensa,Noche,64.7,3.7,7.25,11672,5.1,12,848,2.32,754.8,0,1,3,1,1,Alerta,0.0864126113093247,0
MAN-0738,MQ-125,Trujillo,Compresor,Tarde,67.0,4.35,5.95,11972,6.7,31,1005,5.03,576.28,0,2,0,2,1,Alerta,0.21466075434410758,0
MAN-0739,MQ-154,Trujillo,Inyectora,Mañana,77.2,4.33,7.52,609,1.3,220,574,4.81,591.94,1,2,2,0,3,Críticas,0.7285620667685413,1
MAN-0740,MQ-092,Trujillo,Inyectora,Noche,77.9,4.51,6.65,3406,3.1,192,876,1.23,582.54,1,2,2,1,0,Eficientes,0.718428418241442,1
MAN-0741,MQ-145,Lima,Empacadora,Tarde,68.0,0.92,6.65,1777,2.4,158,877,3.42,421.62,0,1,1,2,0,Eficientes,0.2221679861938475,0
MAN-0742,MQ-175,Arequipa,Inyectora,Noche,59.9,1.07,5.17,4748,4.3,203,510,5.68,825.05,0,0,2,1,3,Críticas,0.13924636908449028,0
MAN-0743,MQ-028,Lima,Empacadora,Noche,88.0,3.04,8.37,472,1.5,179,1010,2.57,725.24,1,1,1,1,3,Críticas,0.7857048003460188,1
MAN-0744,MQ-066,Trujillo,Prensa,Mañana,55.1,5.54,6.7,8039,8.0,228,767,1.41,624.07,1,2,3,0,2,Estándar,0.5705650992078786,1
MAN-0745,MQ-104,Arequipa,Inyectora,Tarde,61.5,3.61,6.36,2571,0.2,5,774,2.79,690.06,0,0,2,2,0,Eficientes,0.06093022149034567,0
MAN-0746,MQ-096,Trujillo,Compresor,Noche,71.1,2.13,5.34,476,3.3,34,959,1.97,416.01,0,2,0,1,0,Eficientes,0.0930210818501981,0
MAN-0747,MQ-103,Lima,Inyectora,Tarde,88.3,6.1,7.56,10871,7.4,207,710,6.09,676.98,1,1,2,2,1,Alerta,0.9654658331747364,1
MAN-0748,MQ-070,Trujillo,Inyectora,Tarde,86.5,2.79,5.96,11786,7.0,180,719,1.57,883.05,1,2,2,2,1,Alerta,0.7074992145006352,1
MAN-0749,MQ-022,Lima,Compresor,Tarde,84.1,4.77,6.1,3545,2.3,65,1062,4.06,623.02,1,1,0,2,3,Críticas,0.5784236718865188,1
MAN-0750,MQ-063,Lima,Compresor,Mañana,57.2,5.88,5.98,868,0.6,156,721,2.24,796.29,0,1,0,0,3,Críticas,0.3011304467166446,0
MAN-0751,MQ-026,Trujillo,Prensa,Mañana,58.4,2.46,6.17,2551,1.9,231,862,3.69,541.4,0,2,3,0,0,Eficientes,0.19499597375698133,0
MAN-0752,MQ-153,Arequipa,Empacadora,Noche,71.7,6.13,7.12,6159,5.8,84,956,3.94,579.43,0,0,1,1,1,Alerta,0.626456220767594,1
MAN-0753,MQ-075,Lima,Prensa,Noche,74.6,3.19,4.36,1554,2.7,63,729,3.11,616.66,0,1,3,1,0,Eficientes,0.14331675441964173,0
MAN-0754,MQ-126,Arequipa,Empacadora,Noche,66.7,3.3,7.04,7350,4.4,115,924,3.91,559.05,0,0,1,1,2,Estándar,0.27374390411272725,0
MAN-0755,MQ-088,Arequipa,Torno CNC,Noche,81.8,5.07,5.91,7219,4.3,121,920,0.27,578.87,1,0,4,1,2,Estándar,0.595378311595736,1
MAN-0756,MQ-180,Lima,Compresor,Mañana,68.5,1.93,5.82,3968,4.4,97,847,3.77,579.97,0,1,0,0,0,Eficientes,0.11853796356884229,0
MAN-0757,MQ-098,Lima,Prensa,Tarde,66.7,2.74,6.13,6357,3.0,155,809,1.19,587.13,1,1,3,2,0,Eficientes,0.25925508837299555,0
MAN-0758,MQ-133,Lima,Empacadora,Tarde,74.3,3.76,7.46,11344,7.4,89,1098,4.27,479.73,1,1,1,2,1,Alerta,0.5129804266891962,1
MAN-0759,MQ-027,Arequipa,Inyectora,Mañana,81.9,0.5,5.87,2498,6.5,197,690,2.77,562.85,0,0,2,0,2,Estándar,0.42415425479884555,0
MAN-0760,MQ-113,Trujillo,Inyectora,Tarde,73.6,5.89,8.02,3825,4.3,180,661,5.59,625.83,1,2,2,2,3,Críticas,0.8712564526366494,1
MAN-0761,MQ-119,Lima,Empacadora,Noche,62.3,2.94,6.18,9533,7.5,54,769,3.12,629.79,0,1,1,1,2,Estándar,0.11468335212354293,0
MAN-0762,MQ-010,Lima,Inyectora,Tarde,75.3,6.33,9.09,1890,3.8,39,868,1.69,493.66,0,1,2,2,0,Eficientes,0.7158154504101408,1
MAN-0763,MQ-061,Trujillo,Inyectora,Noche,71.2,3.56,7.43,4106,5.4,236,934,3.2,471.01,1,2,2,1,0,Eficientes,0.742359881726346,1
MAN-0764,MQ-137,Trujillo,Empacadora,Mañana,62.3,4.09,6.81,413,0.3,139,1053,1.95,642.77,1,2,1,0,0,Eficientes,0.20726440941301452,0
MAN-0765,MQ-115,Lima,Prensa,Noche,74.9,4.61,7.19,439,2.0,51,870,2.74,566.98,0,1,3,1,0,Eficientes,0.3386025710936774,0
MAN-0766,MQ-147,Trujillo,Prensa,Mañana,69.7,3.23,5.78,454,0.7,65,875,5.19,402.67,0,2,3,0,0,Eficientes,0.09637529182782378,0
MAN-0767,MQ-104,Lima,Empacadora,Mañana,69.0,4.18,6.43,7084,6.3,107,613,2.56,442.23,1,1,1,0,2,Estándar,0.32867685895650606,0
MAN-0768,MQ-039,Arequipa,Compresor,Tarde,63.3,2.79,6.12,8314,5.0,8,871,2.0,510.26,0,0,0,2,2,Estándar,0.07779735491401646,0
MAN-0769,MQ-089,Lima,Empacadora,Mañana,69.9,1.7,7.16,7938,6.6,11,1017,3.78,607.28,0,1,1,0,1,Alerta,0.06898542292712825,0
MAN-0770,MQ-112,Trujillo,Inyectora,Mañana,79.3,3.62,7.68,4952,1.1,137,750,3.64,534.13,1,2,2,0,0,Eficientes,0.4235354156834824,0
MAN-0771,MQ-100,Lima,Compresor,Mañana,86.6,4.75,6.61,11073,6.9,225,752,4.5,732.47,1,1,0,0,1,Alerta,0.8861100247318224,1
MAN-0772,MQ-107,Arequipa,Empacadora,Tarde,64.8,4.89,7.83,3152,4.8,170,461,1.27,599.26,0,0,1,2,0,Eficientes,0.7045600744721042,1
MAN-0773,MQ-112,Trujillo,Torno CNC,Noche,79.4,6.6,6.45,2023,3.0,166,735,2.84,505.13,1,2,4,1,3,Críticas,0.8277652828123198,1
MAN-0774,MQ-040,Arequipa,Torno CNC,Mañana,64.0,3.99,7.67,5758,5.4,56,910,3.39,503.72,0,0,4,0,2,Estándar,0.1640535461352203,0
MAN-0775,MQ-001,Arequipa,Torno CNC,Noche,83.6,2.15,6.09,2222,0.4,60,996,3.98,860.71,0,0,4,1,3,Críticas,0.16375041765849896,0
MAN-0776,MQ-050,Lima,Torno CNC,Mañana,72.6,2.38,6.94,7805,5.2,231,1115,4.96,614.88,0,1,4,0,2,Estándar,0.4744447432400051,0
MAN-0777,MQ-055,Arequipa,Prensa,Noche,80.4,0.5,7.82,11898,6.8,184,877,2.92,616.04,0,0,3,1,2,Estándar,0.4222790926785479,0
MAN-0778,MQ-043,Lima,Torno CNC,Tarde,61.1,4.94,6.73,11579,8.5,33,667,1.67,439.4,0,1,4,2,2,Estándar,0.22391236441309129,0
MAN-0779,MQ-059,Trujillo,Torno CNC,Mañana,68.9,4.23,6.99,9261,3.9,181,622,0.3,552.75,1,2,4,0,2,Estándar,0.38601644652050604,0
MAN-0780,MQ-149,Arequipa,Prensa,Mañana,76.7,2.46,5.32,8440,5.8,78,739,3.37,618.1,0,0,3,0,2,Estándar,0.15042005618133628,0
MAN-0781,MQ-173,Trujillo,Inyectora,Tarde,93.7,4.32,7.16,7542,5.3,160,733,4.18,797.15,1,2,2,2,1,Alerta,0.8943360581275323,1
MAN-0782,MQ-050,Trujillo,Prensa,Mañana,83.0,4.76,7.82,10929,5.7,223,679,1.5,562.53,1,2,3,0,2,Estándar,0.8399443938331601,1
MAN-0783,MQ-143,Arequipa,Empacadora,Mañana,78.7,3.44,5.07,7499,6.3,77,880,1.07,604.14,0,0,1,0,2,Estándar,0.2621587303278613,0
MAN-0784,MQ-041,Trujillo,Inyectora,Mañana,82.3,4.5,5.6,9923,7.6,23,899,1.98,604.88,0,2,2,0,1,Alerta,0.29960085203806003,0
MAN-0785,MQ-173,Arequipa,Inyectora,Mañana,88.1,5.14,6.8,8629,2.3,200,852,3.97,730.69,1,0,2,0,3,Críticas,0.8133935112833404,1
MAN-0786,MQ-178,Lima,Inyectora,Mañana,79.0,1.74,8.12,5600,4.8,172,1280,4.23,672.44,1,1,2,0,2,Estándar,0.46516500765460905,0
MAN-0787,MQ-089,Arequipa,Inyectora,Tarde,74.4,4.27,6.95,1351,3.5,209,857,3.94,623.86,0,0,2,2,3,Críticas,0.8006923487197642,1
MAN-0788,MQ-168,Trujillo,Empacadora,Tarde,91.6,3.24,7.57,9604,6.3,16,591,6.23,703.42,0,2,1,2,1,Alerta,0.5435917921511805,1
MAN-0789,MQ-161,Lima,Prensa,Tarde,67.7,2.92,6.16,3797,0.9,133,877,4.78,565.58,0,1,3,2,0,Eficientes,0.22458196896593993,0
MAN-0790,MQ-098,Arequipa,Inyectora,Mañana,73.1,3.1,5.3,4182,4.0,69,871,5.25,634.64,0,0,2,0,3,Críticas,0.14715294295511275,0
MAN-0791,MQ-175,Arequipa,Inyectora,Tarde,74.6,1.54,5.64,4096,3.8,129,548,3.22,545.43,0,0,2,2,0,Eficientes,0.25841440206164573,0
MAN-0792,MQ-020,Lima,Empacadora,Mañana,78.5,4.35,7.23,10445,7.8,59,899,2.6,519.46,1,1,1,0,1,Alerta,0.4287710908953728,0
MAN-0793,MQ-148,Trujillo,Empacadora,Mañana,88.4,4.73,6.29,11434,5.5,173,1174,4.95,561.74,1,2,1,0,1,Alerta,0.7759924945854455,1
MAN-0794,MQ-018,Arequipa,Empacadora,Mañana,76.3,4.86,3.56,9576,6.3,141,772,1.81,665.84,0,0,1,0,2,Estándar,0.4151278218322927,0
MAN-0795,MQ-133,Trujillo,Torno CNC,Noche,87.8,5.46,4.83,7525,6.2,128,750,6.26,556.88,0,2,4,1,1,Alerta,0.7482635423689515,1
MAN-0796,MQ-045,Lima,Prensa,Noche,72.3,3.15,6.87,6343,6.1,40,1214,2.64,610.06,0,1,3,1,2,Estándar,0.19642571274285278,0
MAN-0797,MQ-094,Trujillo,Inyectora,Mañana,100.0,5.82,4.67,4855,2.7,43,564,5.23,667.99,1,2,2,0,3,Críticas,0.6415860521866423,1
MAN-0798,MQ-064,Arequipa,Inyectora,Tarde,85.5,5.14,4.72,5280,5.9,77,624,3.66,564.24,1,0,2,2,3,Críticas,0.6682770277521785,1
MAN-0799,MQ-005,Arequipa,Empacadora,Noche,75.9,6.18,6.3,4579,2.2,222,878,3.21,644.5,1,0,1,1,3,Críticas,0.8485801865580401,1
MAN-0800,MQ-030,Lima,Empacadora,Noche,80.9,4.37,6.66,7111,4.3,181,944,4.62,512.54,1,1,1,1,3,Críticas,0.7510398044366972,1
MAN-0801,MQ-059,Arequipa,Prensa,Mañana,77.0,4.34,6.58,5971,4.2,54,1058,1.66,794.94,0,0,3,0,3,Críticas,0.2647236985172695,0
MAN-0802,MQ-018,Lima,Inyectora,Noche,65.7,5.51,6.91,6461,4.4,151,879,3.49,651.13,1,1,2,1,3,Críticas,0.5503829443090221,1
MAN-0803,MQ-093,Trujillo,Torno CNC,Tarde,72.4,4.21,6.5,1871,2.6,154,1150,5.16,472.49,0,2,4,2,0,Eficientes,0.5532018567281237,1
MAN-0804,MQ-014,Lima,Compresor,Noche,68.9,5.24,5.15,6078,6.6,132,846,2.35,728.11,1,1,0,1,1,Alerta,0.5279872032251975,1
MAN-0805,MQ-040,Lima,Inyectora,Noche,85.7,6.26,6.35,6641,6.4,23,815,2.98,647.42,0,1,2,1,1,Alerta,0.6557838004913719,1
MAN-0806,MQ-121,Lima,Inyectora,Mañana,88.5,3.71,5.5,3597,2.0,1,1019,4.04,526.31,0,1,2,0,3,Críticas,0.19711587177054712,0
MAN-0807,MQ-017,Arequipa,Torno CNC,Noche,77.7,4.53,7.13,7633,5.6,81,906,1.16,503.04,1,0,4,1,2,Estándar,0.4738092324074457,0
MAN-0808,MQ-039,Lima,Empacadora,Mañana,69.5,3.75,6.13,10480,8.1,52,879,4.21,549.87,0,1,1,0,1,Alerta,0.19038690067070266,0
MAN-0809,MQ-004,Arequipa,Torno CNC,Mañana,58.6,2.98,7.47,6591,4.6,72,627,4.68,537.97,0,0,4,0,2,Estándar,0.079696448878681,0
MAN-0810,MQ-063,Lima,Prensa,Noche,98.8,4.01,5.03,8642,3.2,102,535,9.05,694.64,0,1,3,1,3,Críticas,0.656669653173078,1
MAN-0811,MQ-093,Trujillo,Inyectora,Mañana,89.2,4.0,6.32,11241,6.4,89,576,5.58,475.56,0,2,2,0,1,Alerta,0.539657107596108,1
MAN-0812,MQ-134,Lima,Empacadora,Mañana,77.0,2.03,8.1,6919,6.4,18,866,2.58,446.55,0,1,1,0,2,Estándar,0.16214954846137664,0
MAN-0813,MQ-165,Arequipa,Empacadora,Mañana,64.8,3.46,6.88,4880,2.2,138,713,1.91,488.74,0,0,1,0,0,Eficientes,0.21163206048118252,0
MAN-0814,MQ-107,Trujillo,Inyectora,Mañana,78.5,4.04,7.81,5787,6.0,7,1036,2.75,646.2,0,2,2,0,1,Alerta,0.2734705256665719,0
MAN-0815,MQ-031,Arequipa,Empacadora,Noche,59.9,5.05,6.63,4307,6.4,36,951,3.33,692.03,1,0,1,1,1,Alerta,0.2202431707895311,0
MAN-0816,MQ-145,Arequipa,Compresor,Noche,73.4,3.71,8.45,547,0.8,68,789,2.08,653.87,1,0,0,1,0,Eficientes,0.34220037793177527,0
MAN-0817,MQ-082,Trujillo,Torno CNC,Tarde,84.0,3.77,5.57,5422,2.4,71,1186,4.56,758.97,1,2,4,2,3,Críticas,0.36680585482210865,0
MAN-0818,MQ-180,Lima,Compresor,Noche,72.7,1.79,7.55,4337,3.1,41,780,3.77,466.31,0,1,0,1,0,Eficientes,0.13176714710982343,0
MAN-0819,MQ-145,Lima,Inyectora,Noche,65.5,6.87,7.86,7751,4.4,149,653,3.82,587.78,0,1,2,1,1,Alerta,0.7147584270970344,1
MAN-0820,MQ-151,Arequipa,Inyectora,Mañana,68.6,5.51,7.19,3257,2.1,52,918,1.24,653.05,0,0,2,0,0,Eficientes,0.25507135799761455,0
MAN-0821,MQ-067,Trujillo,Torno CNC,Mañana,79.4,3.56,4.63,3908,2.8,116,776,4.18,695.89,0,2,4,0,3,Críticas,0.2461973642457458,0
MAN-0822,MQ-076,Lima,Torno CNC,Noche,91.2,5.17,5.16,2087,3.1,222,1014,6.02,744.92,1,1,4,1,3,Críticas,0.8971894749445399,1
MAN-0823,MQ-076,Lima,Torno CNC,Noche,78.6,2.46,6.64,1005,0.2,51,818,2.98,565.89,0,1,4,1,0,Eficientes,0.14220807215910686,0
MAN-0824,MQ-035,Arequipa,Compresor,Noche,68.5,6.05,5.51,4117,2.9,145,1035,2.87,562.29,1,0,0,1,3,Críticas,0.5746843204426091,1
MAN-0825,MQ-172,Trujillo,Empacadora,Mañana,70.7,3.07,8.64,1431,1.5,126,991,1.32,671.11,1,2,1,0,0,Eficientes,0.3096514697611773,0
MAN-0826,MQ-014,Arequipa,Inyectora,Tarde,62.3,6.47,6.56,4250,3.8,76,1043,4.4,430.26,0,0,2,2,0,Eficientes,0.4624277731874084,0
MAN-0827,MQ-166,Lima,Prensa,Mañana,62.1,2.52,5.98,4846,2.8,152,813,4.35,468.45,0,1,3,0,0,Eficientes,0.12019652536016345,0
MAN-0828,MQ-037,Trujillo,Torno CNC,Tarde,71.6,4.39,7.08,10500,6.2,59,906,4.23,636.29,1,2,4,2,1,Alerta,0.3432492284972431,0
MAN-0829,MQ-115,Arequipa,Prensa,Tarde,72.8,5.08,6.19,11568,7.0,86,935,1.84,719.79,1,0,3,2,1,Alerta,0.48764889160511427,0
MAN-0830,MQ-152,Arequipa,Compresor,Mañana,71.0,4.78,3.98,1082,4.7,105,1008,3.83,593.63,0,0,0,0,3,Críticas,0.3238899790305094,0
MAN-0831,MQ-045,Arequipa,Prensa,Mañana,79.5,2.91,6.89,149,1.9,106,1076,3.3,628.88,0,0,3,0,3,Críticas,0.312073962258913,0
MAN-0832,MQ-055,Lima,Empacadora,Noche,82.5,9.4,6.99,7541,4.0,150,789,3.04,581.87,0,1,1,1,3,Críticas,0.9529276432279628,1
MAN-0833,MQ-107,Lima,Torno CNC,Mañana,81.3,3.72,5.25,7140,4.8,81,665,3.49,857.79,0,1,4,0,1,Alerta,0.2603503441410567,0
MAN-0834,MQ-044,Lima,Inyectora,Noche,73.3,3.35,6.77,3833,3.5,100,1024,0.63,564.05,0,1,2,1,0,Eficientes,0.30702320972027886,0
MAN-0835,MQ-168,Lima,Compresor,Tarde,70.4,4.11,5.66,5284,4.1,139,608,0.97,683.14,1,1,0,2,0,Eficientes,0.47254624378564875,0
MAN-0836,MQ-098,Arequipa,Prensa,Noche,69.9,2.42,6.59,4810,6.8,74,1038,3.65,469.56,1,0,3,1,2,Estándar,0.20717972530682352,0
MAN-0837,MQ-108,Lima,Empacadora,Mañana,79.2,5.37,6.85,10376,5.9,80,627,3.3,552.83,0,1,1,0,1,Alerta,0.5221039505718277,1
MAN-0838,MQ-023,Trujillo,Inyectora,Noche,84.8,3.18,7.29,11354,5.5,86,712,1.47,640.15,0,2,2,1,1,Alerta,0.44028507364656877,0
MAN-0839,MQ-119,Arequipa,Inyectora,Noche,79.8,1.41,4.2,6756,5.3,200,1040,0.36,579.28,0,0,2,1,2,Estándar,0.3633339004152409,0
MAN-0840,MQ-022,Trujillo,Prensa,Noche,76.0,5.58,6.88,4093,0.3,197,996,0.45,576.3,1,2,3,1,0,Eficientes,0.7050248503835755,1
MAN-0841,MQ-140,Trujillo,Prensa,Tarde,61.8,2.46,7.54,11408,7.1,166,1000,2.29,521.86,1,2,3,2,2,Estándar,0.32056246609932104,0
MAN-0842,MQ-164,Trujillo,Prensa,Mañana,67.7,3.54,6.17,6669,5.5,71,812,4.39,650.99,0,2,3,0,1,Alerta,0.14462041438710088,0
MAN-0843,MQ-090,Arequipa,Empacadora,Mañana,75.3,6.26,6.36,7382,1.6,85,744,4.03,657.33,1,0,1,0,3,Críticas,0.4302102475179066,0
MAN-0844,MQ-136,Trujillo,Inyectora,Tarde,94.7,1.96,7.92,1934,4.1,3,498,4.13,655.8,0,2,2,2,3,Críticas,0.44362613558922326,0
MAN-0845,MQ-108,Trujillo,Inyectora,Noche,81.9,3.17,4.46,2784,0.2,109,988,4.32,527.47,0,2,2,1,0,Eficientes,0.24971003468768932,0
MAN-0846,MQ-179,Arequipa,Compresor,Tarde,62.6,3.03,6.47,10976,7.6,162,797,2.65,477.24,0,0,0,2,2,Estándar,0.40235177058897104,0
MAN-0847,MQ-077,Arequipa,Torno CNC,Mañana,56.2,4.43,7.58,10292,8.5,36,493,3.55,636.05,0,0,4,0,2,Estándar,0.1150227480489956,0
MAN-0848,MQ-118,Trujillo,Compresor,Noche,84.2,6.79,5.7,1105,1.3,108,556,2.58,571.35,1,2,0,1,3,Críticas,0.7721266606078292,1
MAN-0849,MQ-024,Trujillo,Prensa,Noche,77.1,3.8,7.26,5391,4.3,200,964,4.09,265.33,0,2,3,1,0,Eficientes,0.7101581293468213,1
MAN-0850,MQ-123,Arequipa,Prensa,Noche,77.7,3.89,5.98,1854,3.7,5,584,5.83,667.65,0,0,3,1,3,Críticas,0.2077469677032453,0
MAN-0851,MQ-169,Lima,Torno CNC,Noche,70.7,1.21,4.15,5169,3.2,198,855,2.47,465.33,0,1,4,1,0,Eficientes,0.1627758637680374,0
MAN-0852,MQ-061,Lima,Compresor,Tarde,76.3,2.94,6.89,1855,2.4,173,839,0.1,824.0,1,1,0,2,3,Críticas,0.5921168297767181,1
MAN-0853,MQ-125,Trujillo,Empacadora,Noche,76.0,5.53,6.09,4378,4.2,66,1109,6.11,563.31,0,2,1,1,3,Críticas,0.49187755028491753,0
MAN-0854,MQ-064,Lima,Prensa,Noche,87.4,5.79,9.96,6645,7.1,146,608,3.25,619.54,1,1,3,1,1,Alerta,0.9431215316213497,1
MAN-0855,MQ-010,Trujillo,Inyectora,Tarde,60.1,3.83,7.21,8785,4.7,135,610,1.25,628.24,0,2,2,2,2,Estándar,0.29492436734308825,0
MAN-0856,MQ-112,Lima,Empacadora,Mañana,45.0,0.5,8.19,9960,7.5,60,912,0.94,482.34,0,1,1,0,2,Estándar,0.016443797943404042,0
MAN-0857,MQ-005,Arequipa,Prensa,Noche,69.6,5.46,7.0,4640,4.0,102,708,2.05,746.14,1,0,3,1,3,Críticas,0.4759504985098416,0
MAN-0858,MQ-108,Arequipa,Inyectora,Tarde,75.8,9.28,4.63,7550,6.0,66,672,3.45,559.88,1,0,2,2,1,Alerta,0.8243213379686966,1
MAN-0859,MQ-115,Trujillo,Empacadora,Noche,64.9,4.87,5.12,314,1.1,169,1056,0.41,553.47,0,2,1,1,0,Eficientes,0.3767929408954939,0
MAN-0860,MQ-072,Trujillo,Torno CNC,Mañana,84.8,4.82,6.55,2500,2.5,34,901,4.3,470.31,0,2,4,0,0,Eficientes,0.35491600555302893,0
MAN-0861,MQ-143,Lima,Empacadora,Tarde,64.6,3.35,4.49,3328,3.5,104,556,3.23,454.59,0,1,1,2,0,Eficientes,0.18457937649700426,0
MAN-0862,MQ-174,Arequipa,Compresor,Mañana,79.4,4.53,7.94,9449,7.0,201,715,2.23,604.17,0,0,0,0,2,Estándar,0.8323548794116252,1
MAN-0863,MQ-082,Lima,Empacadora,Mañana,57.9,1.1,5.86,11202,6.4,240,985,0.1,556.59,0,1,1,0,2,Estándar,0.151015338983125,0
MAN-0864,MQ-085,Trujillo,Inyectora,Mañana,68.0,7.09,7.27,8294,4.8,86,1069,4.22,674.54,0,2,2,0,1,Alerta,0.5160743929327463,1
MAN-0865,MQ-139,Trujillo,Empacadora,Tarde,66.8,2.79,5.68,1441,2.8,191,868,3.19,590.03,1,2,1,2,0,Eficientes,0.40605124656089586,0
MAN-0866,MQ-144,Lima,Compresor,Noche,89.7,5.0,7.21,10021,6.9,11,659,2.23,476.23,0,1,0,1,1,Alerta,0.6191734659424954,1
MAN-0867,MQ-095,Arequipa,Torno CNC,Tarde,65.9,2.39,5.05,2920,0.4,166,627,1.45,423.04,0,0,4,2,0,Eficientes,0.17018276359743867,0
MAN-0868,MQ-017,Trujillo,Torno CNC,Mañana,81.8,5.54,7.72,1422,2.2,213,586,3.83,717.54,1,2,4,0,3,Críticas,0.8488934997974814,1
MAN-0869,MQ-053,Trujillo,Inyectora,Tarde,67.2,2.85,7.3,8143,6.6,205,769,3.83,499.79,1,2,2,2,2,Estándar,0.587946892529442,1
MAN-0870,MQ-073,Trujillo,Prensa,Mañana,63.5,5.25,8.13,7034,4.0,76,1084,3.54,437.74,0,2,3,0,0,Eficientes,0.26080402690279547,0
MAN-0871,MQ-014,Lima,Inyectora,Mañana,75.1,0.5,5.46,4525,1.0,36,962,4.13,557.26,0,1,2,0,0,Eficientes,0.0284416351438208,0
MAN-0872,MQ-140,Lima,Prensa,Tarde,63.9,4.56,6.17,6426,8.0,174,931,2.74,587.12,1,1,3,2,2,Estándar,0.6154150064066635,1
MAN-0873,MQ-022,Arequipa,Torno CNC,Noche,85.1,3.12,7.56,576,0.2,226,789,3.1,714.19,1,0,4,1,3,Críticas,0.7548962750704246,1
MAN-0874,MQ-033,Trujillo,Prensa,Mañana,68.0,4.8,8.01,11600,5.8,233,955,3.96,454.25,0,2,3,0,2,Estándar,0.6921628258623183,1
MAN-0875,MQ-161,Arequipa,Inyectora,Noche,79.2,4.38,5.82,11471,8.4,31,744,3.83,587.3,0,0,2,1,1,Alerta,0.36170079194527655,0
MAN-0876,MQ-116,Arequipa,Empacadora,Tarde,69.9,3.0,7.73,7958,6.1,26,599,3.17,422.6,0,0,1,2,2,Estándar,0.23051368978140985,0
MAN-0877,MQ-157,Trujillo,Prensa,Mañana,87.0,7.22,8.11,3866,1.4,33,767,4.82,718.71,0,2,3,0,3,Críticas,0.6810630777367863,1
MAN-0878,MQ-176,Lima,Inyectora,Tarde,73.7,4.64,6.86,7206,6.5,177,795,3.64,555.72,1,1,2,2,2,Estándar,0.7720329303273402,1
MAN-0879,MQ-176,Arequipa,Prensa,Noche,57.1,6.15,6.8,358,0.4,238,1077,0.74,482.2,0,0,3,1,0,Eficientes,0.6227739497820378,1
MAN-0880,MQ-122,Lima,Compresor,Tarde,68.5,7.62,8.0,1762,1.9,86,806,1.3,480.62,1,1,0,2,0,Eficientes,0.7548341253032764,1
MAN-0881,MQ-122,Arequipa,Empacadora,Noche,93.8,5.92,7.0,9248,5.2,237,1002,1.96,652.8,0,0,1,1,1,Alerta,0.9663504913743739,1
MAN-0882,MQ-057,Trujillo,Empacadora,Mañana,83.4,6.48,6.05,2170,0.7,61,931,4.07,814.79,0,2,1,0,3,Críticas,0.5263398735962445,1
MAN-0883,MQ-010,Arequipa,Empacadora,Tarde,54.6,2.82,6.2,1070,0.4,171,781,4.02,520.49,0,0,1,2,0,Eficientes,0.17416604743327846,0
MAN-0884,MQ-111,Lima,Torno CNC,Mañana,74.0,2.74,7.98,7484,5.8,52,609,3.89,614.95,0,1,4,0,1,Alerta,0.18246175986597055,0
MAN-0885,MQ-079,Trujillo,Prensa,Noche,55.2,5.86,6.53,11221,6.6,4,785,1.65,591.14,0,2,3,1,1,Alerta,0.10460921607812267,0
MAN-0886,MQ-082,Lima,Empacadora,Tarde,76.4,3.34,7.19,6136,5.7,238,881,2.51,563.24,1,1,1,2,2,Estándar,0.8304880148192224,1
MAN-0887,MQ-047,Arequipa,Empacadora,Tarde,70.7,3.69,8.05,8397,6.4,181,1083,1.24,548.7,1,0,1,2,2,Estándar,0.7119194905710267,1
MAN-0888,MQ-172,Lima,Compresor,Tarde,76.8,2.48,4.65,3516,4.1,155,996,3.53,536.69,1,1,0,2,0,Eficientes,0.4329912590918609,0
MAN-0889,MQ-112,Arequipa,Prensa,Noche,78.0,5.73,6.42,651,0.2,72,850,2.95,719.2,1,0,3,1,3,Críticas,0.4583892023722085,0
MAN-0890,MQ-122,Arequipa,Inyectora,Noche,71.4,5.72,4.72,7094,3.7,136,961,5.93,610.52,1,0,2,1,3,Críticas,0.48976053608650877,0
MAN-0891,MQ-142,Arequipa,Torno CNC,Noche,76.0,7.46,6.81,5709,4.9,145,758,5.02,648.69,0,0,4,1,3,Críticas,0.846647258270724,1
MAN-0892,MQ-042,Trujillo,Inyectora,Tarde,73.7,2.16,8.09,8123,6.3,181,1098,3.42,612.0,1,2,2,2,2,Estándar,0.5928338365869389,1
MAN-0893,MQ-030,Lima,Torno CNC,Mañana,68.7,3.93,6.34,4499,3.7,59,888,3.05,491.91,0,1,4,0,0,Eficientes,0.14069334610260317,0
MAN-0894,MQ-173,Arequipa,Prensa,Tarde,71.8,1.43,6.08,4612,5.2,217,407,1.14,311.38,0,0,3,2,2,Estándar,0.4690075086037066,0
MAN-0895,MQ-155,Arequipa,Empacadora,Noche,70.8,6.61,7.41,399,1.6,114,835,2.56,598.31,0,0,1,1,3,Críticas,0.6771482801420751,1
MAN-0896,MQ-120,Trujillo,Empacadora,Tarde,82.1,3.32,6.94,7285,6.4,30,780,3.09,630.79,1,2,1,2,1,Alerta,0.4103136750873139,0
MAN-0897,MQ-081,Arequipa,Inyectora,Noche,77.0,7.42,7.07,7342,4.3,190,680,4.11,658.49,0,0,2,1,3,Críticas,0.9056706668913114,1
MAN-0898,MQ-123,Lima,Prensa,Noche,72.1,3.6,6.32,1756,1.7,13,1043,3.08,415.29,0,1,3,1,0,Eficientes,0.11849114161341182,0
MAN-0899,MQ-101,Arequipa,Empacadora,Mañana,55.6,4.52,7.99,4586,0.2,77,849,4.4,651.24,0,0,1,0,0,Eficientes,0.10324323625459787,0
MAN-0900,MQ-038,Lima,Torno CNC,Noche,88.5,4.93,6.77,9348,8.2,133,816,2.44,659.1,1,1,4,1,1,Alerta,0.826637295225379,1
MAN-0901,MQ-011,Arequipa,Empacadora,Noche,78.3,3.58,7.19,8876,7.1,232,617,2.71,526.58,1,0,1,1,2,Estándar,0.8274122999227368,1
MAN-0902,MQ-004,Lima,Torno CNC,Tarde,85.2,5.61,7.79,1590,3.3,92,1063,3.16,600.78,1,1,4,2,3,Críticas,0.8057905652054328,1
MAN-0903,MQ-012,Trujillo,Inyectora,Tarde,83.6,5.59,4.95,5855,2.1,169,497,3.09,768.28,1,2,2,2,3,Críticas,0.7645557401182665,1
MAN-0904,MQ-160,Trujillo,Prensa,Tarde,59.1,4.97,5.37,8347,4.6,133,596,2.71,503.81,0,2,3,2,2,Estándar,0.2844994652697182,0
MAN-0905,MQ-179,Arequipa,Prensa,Tarde,69.8,1.62,7.53,6774,4.9,156,1070,2.21,620.61,0,0,3,2,2,Estándar,0.3347487696953236,0
MAN-0906,MQ-064,Arequipa,Compresor,Noche,68.5,1.73,6.62,10898,7.6,223,683,0.69,577.48,1,0,0,1,2,Estándar,0.4612802871683595,0
MAN-0907,MQ-114,Trujillo,Compresor,Mañana,62.4,3.8,5.94,8477,6.8,35,1120,2.58,552.73,0,2,0,0,1,Alerta,0.09703858519017382,0
MAN-0908,MQ-180,Lima,Inyectora,Mañana,71.2,4.65,6.11,395,0.2,214,564,3.55,651.02,1,1,2,0,3,Críticas,0.5415329105312477,1
MAN-0909,MQ-020,Arequipa,Prensa,Mañana,76.9,2.14,6.09,8393,4.4,21,951,3.26,524.39,0,0,3,0,2,Estándar,0.07682461897970301,0
MAN-0910,MQ-091,Trujillo,Compresor,Mañana,73.5,2.15,8.41,9200,6.6,9,576,4.49,524.15,0,2,0,0,1,Alerta,0.13056862051291976,0
MAN-0911,MQ-099,Arequipa,Prensa,Noche,82.5,6.39,8.0,8058,3.8,161,1136,2.11,795.96,1,0,3,1,3,Críticas,0.8684130310987058,1
MAN-0912,MQ-054,Arequipa,Torno CNC,Tarde,70.9,5.42,7.32,2712,3.6,4,1133,2.16,681.72,0,0,4,2,3,Críticas,0.3197662968069016,0
MAN-0913,MQ-056,Trujillo,Compresor,Tarde,78.0,3.78,7.15,2805,4.6,214,1129,2.3,782.11,1,2,0,2,3,Críticas,0.8368095548778022,1
MAN-0914,MQ-088,Lima,Empacadora,Tarde,82.4,5.34,5.92,9972,5.7,87,1189,3.6,623.78,1,1,1,2,1,Alerta,0.6724081150323233,1
MAN-0915,MQ-043,Arequipa,Prensa,Mañana,71.5,3.58,5.31,4534,4.0,28,811,2.2,526.09,0,0,3,0,0,Eficientes,0.09691433102050226,0
MAN-0916,MQ-169,Arequipa,Empacadora,Tarde,74.2,6.32,5.59,11252,5.2,205,1000,3.91,417.07,0,0,1,2,2,Estándar,0.8472423180229824,1
MAN-0917,MQ-078,Arequipa,Empacadora,Tarde,80.6,5.64,5.82,8713,4.3,5,706,0.1,529.34,0,0,1,2,1,Alerta,0.4121431377450975,0
MAN-0918,MQ-088,Trujillo,Torno CNC,Tarde,82.2,6.63,4.1,9250,6.7,186,1126,3.11,738.07,0,2,4,2,1,Alerta,0.8653494198438907,1
MAN-0919,MQ-162,Trujillo,Inyectora,Tarde,67.2,7.75,6.12,10479,4.9,107,843,0.63,591.4,0,2,2,2,1,Alerta,0.6631070145243058,1
MAN-0920,MQ-104,Lima,Prensa,Noche,74.5,3.3,6.81,5557,2.3,26,1048,4.77,505.79,0,1,3,1,0,Eficientes,0.1418059641502688,0
MAN-0921,MQ-123,Arequipa,Inyectora,Noche,77.2,3.96,7.97,6196,2.3,195,740,3.58,496.23,1,0,2,1,3,Críticas,0.7006314866593829,1
MAN-0922,MQ-098,Trujillo,Compresor,Noche,67.0,5.18,5.81,9706,7.0,199,587,4.78,708.68,1,2,0,1,1,Alerta,0.6751376936118657,1
MAN-0923,MQ-050,Arequipa,Compresor,Tarde,78.2,2.35,6.42,3093,4.1,141,811,3.14,658.3,0,0,0,2,3,Críticas,0.5158922354655403,1
MAN-0924,MQ-044,Arequipa,Empacadora,Mañana,59.3,4.23,5.49,10525,6.4,211,973,1.59,585.0,0,0,1,0,2,Estándar,0.35220124961716803,0
MAN-0925,MQ-059,Lima,Inyectora,Noche,78.3,5.61,8.32,6344,3.4,173,738,2.03,632.11,0,1,2,1,3,Críticas,0.8245452089360564,1
MAN-0926,MQ-170,Lima,Torno CNC,Tarde,61.8,1.88,5.03,11196,8.3,215,765,1.04,296.91,1,1,4,2,2,Estándar,0.28990742542516884,0
MAN-0927,MQ-131,Arequipa,Prensa,Noche,82.9,6.62,6.65,8088,6.0,150,976,2.17,672.26,0,0,3,1,1,Alerta,0.8694573350646506,1
MAN-0928,MQ-072,Trujillo,Inyectora,Tarde,61.3,0.5,7.79,9096,4.8,96,718,3.1,390.15,0,2,2,2,0,Eficientes,0.07935126339232788,0
MAN-0929,MQ-176,Arequipa,Prensa,Mañana,75.4,4.74,6.27,10773,7.0,163,895,0.27,371.12,1,0,3,0,2,Estándar,0.5844989683060963,1
MAN-0930,MQ-156,Lima,Torno CNC,Tarde,79.7,2.31,7.13,2000,0.2,129,1035,4.51,351.06,0,1,4,2,0,Eficientes,0.3721175123696532,0
MAN-0931,MQ-092,Lima,Inyectora,Tarde,64.3,2.84,3.28,9867,5.3,40,1275,3.24,512.35,0,1,2,2,2,Estándar,0.05391742592258089,0
MAN-0932,MQ-077,Lima,Torno CNC,Mañana,82.6,4.58,8.04,6163,7.2,170,1058,3.77,729.81,1,1,4,0,1,Alerta,0.8106961600509557,1
MAN-0933,MQ-001,Trujillo,Inyectora,Mañana,73.3,8.96,8.18,10114,7.2,233,832,5.43,688.05,1,2,2,0,1,Alerta,0.96554302457426,1
MAN-0934,MQ-079,Arequipa,Inyectora,Noche,66.7,5.11,5.52,5059,7.0,226,698,3.08,531.71,0,0,2,1,2,Estándar,0.7452326680555986,1
MAN-0935,MQ-051,Lima,Prensa,Mañana,64.5,3.91,3.9,3906,4.1,69,551,2.79,511.71,0,1,3,0,0,Eficientes,0.08072880933300036,0
MAN-0936,MQ-124,Trujillo,Empacadora,Noche,92.7,1.7,5.32,10239,8.9,59,534,4.71,714.77,0,2,1,1,1,Alerta,0.39131457637320755,0
MAN-0937,MQ-093,Trujillo,Inyectora,Mañana,78.4,4.79,6.96,627,1.9,11,883,2.14,525.02,0,2,2,0,0,Eficientes,0.24546405466435836,0
MAN-0938,MQ-077,Trujillo,Prensa,Mañana,63.0,2.55,5.3,8114,2.4,68,696,3.16,721.35,0,2,3,0,0,Eficientes,0.03551967332108752,0
MAN-0939,MQ-022,Trujillo,Torno CNC,Tarde,76.1,3.73,5.78,5340,5.1,183,1126,3.27,463.76,1,2,4,2,0,Eficientes,0.6367355643481071,1
MAN-0940,MQ-168,Trujillo,Torno CNC,Mañana,75.4,4.45,6.39,3535,4.5,10,594,2.47,402.5,0,2,4,0,0,Eficientes,0.18029070994914378,0
MAN-0941,MQ-056,Trujillo,Compresor,Mañana,60.9,5.88,6.16,1633,1.4,170,907,1.45,547.03,1,2,0,0,0,Eficientes,0.41910267733401585,0
MAN-0942,MQ-164,Arequipa,Inyectora,Tarde,66.2,3.61,5.42,820,0.6,216,561,2.75,534.29,1,0,2,2,0,Eficientes,0.4664051859864861,0
MAN-0943,MQ-088,Lima,Prensa,Mañana,70.5,2.61,6.22,4517,1.2,203,682,1.55,720.88,0,1,3,0,0,Eficientes,0.2639938812426074,0
MAN-0944,MQ-143,Lima,Prensa,Mañana,70.6,2.61,9.4,9634,7.8,223,862,2.23,607.36,1,1,3,0,2,Estándar,0.6528126431552497,1
MAN-0945,MQ-035,Trujillo,Empacadora,Mañana,78.1,0.81,7.66,2907,0.9,109,669,1.81,726.69,0,2,1,0,0,Eficientes,0.1389407806345103,0
MAN-0946,MQ-045,Lima,Empacadora,Noche,71.6,3.78,6.95,3180,3.8,65,610,4.16,677.78,0,1,1,1,3,Críticas,0.2867729991792934,0
MAN-0947,MQ-171,Lima,Prensa,Tarde,84.6,7.11,5.61,10225,5.2,42,1035,4.75,475.28,0,1,3,2,1,Alerta,0.7091236337536397,1
MAN-0948,MQ-120,Lima,Empacadora,Noche,85.2,7.1,6.85,9029,7.8,7,704,3.98,624.7,1,1,1,1,1,Alerta,0.7437117726340866,1
MAN-0949,MQ-150,Lima,Prensa,Mañana,57.1,2.47,6.05,2329,1.1,72,888,0.63,632.14,0,1,3,0,0,Eficientes,0.03169816808627222,0
MAN-0950,MQ-017,Trujillo,Inyectora,Noche,86.8,1.6,5.67,4599,3.2,210,830,2.49,672.29,0,2,2,1,3,Críticas,0.5616840624874003,1
MAN-0951,MQ-112,Trujillo,Inyectora,Noche,90.8,1.3,6.13,5235,2.1,83,715,2.79,753.94,0,2,2,1,3,Críticas,0.252816182188031,0
MAN-0952,MQ-062,Arequipa,Inyectora,Tarde,71.9,4.89,5.75,4949,3.5,110,602,3.31,555.41,0,0,2,2,3,Críticas,0.4805700475473335,0
MAN-0953,MQ-132,Arequipa,Empacadora,Noche,70.5,4.46,6.05,9745,8.7,103,620,3.81,524.52,0,0,1,1,2,Estándar,0.47576809964735994,0
MAN-0954,MQ-095,Arequipa,Prensa,Mañana,85.0,5.6,5.61,11505,9.0,200,378,4.65,759.67,1,0,3,0,1,Alerta,0.870450658070922,1
MAN-0955,MQ-119,Lima,Compresor,Tarde,76.8,6.01,5.93,2663,1.6,194,951,5.06,428.43,1,1,0,2,3,Críticas,0.8462591232895819,1
MAN-0956,MQ-041,Arequipa,Torno CNC,Mañana,60.9,3.1,7.41,311,0.2,21,894,4.16,610.87,0,0,4,0,0,Eficientes,0.042207552498917916,0
MAN-0957,MQ-085,Lima,Torno CNC,Noche,77.9,3.7,7.05,5771,5.4,146,708,4.81,602.95,0,1,4,1,3,Críticas,0.5835920867681517,1
MAN-0958,MQ-007,Trujillo,Prensa,Noche,61.6,5.26,7.22,1272,2.7,106,808,2.55,615.08,0,2,3,1,0,Eficientes,0.33312827007915824,0
MAN-0959,MQ-178,Trujillo,Inyectora,Noche,62.4,3.25,6.69,6460,3.8,90,881,4.59,391.32,0,2,2,1,0,Eficientes,0.14349463270673232,0
MAN-0960,MQ-078,Arequipa,Prensa,Mañana,78.9,5.27,5.95,9892,6.4,197,695,1.1,581.84,0,0,3,0,2,Estándar,0.7434901876954066,1
MAN-0961,MQ-146,Lima,Prensa,Noche,58.6,2.58,7.71,9548,4.7,162,653,2.39,444.48,0,1,3,1,2,Estándar,0.19575159828275582,0
MAN-0962,MQ-074,Trujillo,Prensa,Noche,74.8,3.77,4.7,5817,4.4,217,828,3.84,703.22,1,2,3,1,3,Críticas,0.5612882741822168,1
MAN-0963,MQ-031,Trujillo,Compresor,Noche,98.6,5.71,4.18,8554,5.8,121,497,3.65,772.24,1,2,0,1,1,Alerta,0.8580216654456582,1
MAN-0964,MQ-066,Trujillo,Prensa,Mañana,73.5,3.57,6.89,6262,5.7,234,637,2.47,479.61,1,2,3,0,2,Estándar,0.6563754322502195,1
MAN-0965,MQ-109,Arequipa,Torno CNC,Tarde,65.0,3.68,6.76,1467,2.1,53,994,3.19,400.39,0,0,4,2,0,Eficientes,0.1679766400127099,0
MAN-0966,MQ-141,Lima,Compresor,Tarde,78.3,3.96,6.36,7538,6.1,194,897,1.45,561.67,1,1,0,2,2,Estándar,0.7921253852863653,1
MAN-0967,MQ-044,Lima,Prensa,Mañana,63.4,6.2,6.35,2137,0.4,161,643,3.75,555.91,0,1,3,0,0,Eficientes,0.41230909964746576,0
MAN-0968,MQ-108,Trujillo,Compresor,Noche,86.3,4.77,9.01,6474,5.2,107,1083,3.1,577.2,1,2,0,1,1,Alerta,0.8243110142626338,1
MAN-0969,MQ-052,Lima,Torno CNC,Tarde,70.0,7.51,5.73,7002,4.4,191,888,4.71,598.7,1,1,4,2,3,Críticas,0.8434921899314857,1
MAN-0970,MQ-030,Trujillo,Inyectora,Mañana,61.7,1.8,6.42,3185,1.7,89,728,0.98,396.96,0,2,2,0,0,Eficientes,0.04730536476812721,0
MAN-0971,MQ-042,Trujillo,Torno CNC,Tarde,74.4,6.06,6.63,9065,6.2,28,1210,5.17,646.58,0,2,4,2,1,Alerta,0.47558860247843665,0
MAN-0972,MQ-051,Lima,Torno CNC,Noche,64.7,3.68,6.44,8291,3.5,106,855,5.3,594.37,0,1,4,1,2,Estándar,0.1729345110857132,0
MAN-0973,MQ-002,Arequipa,Empacadora,Noche,70.0,6.93,6.47,4041,2.7,234,973,1.71,718.89,1,0,1,1,3,Críticas,0.866013314341811,1
MAN-0974,MQ-159,Lima,Inyectora,Mañana,76.4,1.53,8.35,4741,5.4,230,949,3.83,613.44,1,1,2,0,2,Estándar,0.6009496482385202,1
MAN-0975,MQ-015,Trujillo,Prensa,Tarde,67.8,3.72,4.76,1733,3.0,166,704,3.48,508.02,0,2,3,2,0,Eficientes,0.3773160064693841,0
MAN-0976,MQ-094,Lima,Prensa,Tarde,79.1,6.65,8.25,4487,4.5,63,886,2.73,614.71,0,1,3,2,3,Críticas,0.7861470700454996,1
MAN-0977,MQ-107,Trujillo,Empacadora,Tarde,66.2,4.92,8.63,9276,8.1,10,970,3.24,544.75,0,2,1,2,1,Alerta,0.3846184305252942,0
MAN-0978,MQ-034,Lima,Compresor,Mañana,70.8,3.91,7.0,9251,9.7,156,623,3.25,406.07,0,1,0,0,2,Estándar,0.6017030407856179,1
MAN-0979,MQ-037,Arequipa,Compresor,Mañana,48.5,3.77,5.6,8091,7.0,65,1001,2.47,557.77,0,0,0,0,2,Estándar,0.05401723656973339,0
MAN-0980,MQ-144,Lima,Empacadora,Mañana,68.4,3.64,5.45,6398,6.8,149,1168,2.38,617.19,0,1,1,0,2,Estándar,0.3378715241296868,0
MAN-0981,MQ-128,Arequipa,Prensa,Noche,90.1,4.1,5.81,9172,7.1,124,792,5.51,713.82,1,0,3,1,1,Alerta,0.728508810872183,1
MAN-0982,MQ-101,Arequipa,Compresor,Tarde,68.7,2.03,5.49,11957,3.6,177,589,5.37,484.08,1,0,0,2,2,Estándar,0.26460781848475584,0
MAN-0983,MQ-028,Lima,Torno CNC,Tarde,75.5,4.28,7.82,2306,0.2,35,930,3.28,681.05,0,1,4,2,3,Críticas,0.28397219786860656,0
MAN-0984,MQ-159,Trujillo,Empacadora,Noche,84.4,6.2,5.39,10056,7.3,17,871,4.7,466.72,1,2,1,1,1,Alerta,0.5673741240285867,1
MAN-0985,MQ-149,Arequipa,Inyectora,Noche,85.0,7.1,6.8,4144,3.6,7,971,3.31,586.67,1,0,2,1,3,Críticas,0.6599788886788034,1
MAN-0986,MQ-142,Lima,Torno CNC,Mañana,84.9,7.34,6.47,2084,4.0,78,1177,2.44,430.56,1,1,4,0,3,Críticas,0.7666072913577154,1
MAN-0987,MQ-084,Trujillo,Torno CNC,Tarde,74.4,3.48,5.54,11134,6.5,109,778,4.73,727.17,0,2,4,2,1,Alerta,0.34440035038785605,0
MAN-0988,MQ-143,Arequipa,Prensa,Tarde,103.6,7.9,5.77,11335,6.1,186,817,6.97,868.08,1,0,3,2,1,Alerta,0.9863344551521981,1
MAN-0989,MQ-108,Trujillo,Torno CNC,Mañana,79.5,2.56,8.07,10579,5.8,33,861,2.7,630.73,0,2,4,0,1,Alerta,0.1697257291644869,0
MAN-0990,MQ-151,Lima,Torno CNC,Tarde,67.5,2.91,7.82,7442,5.4,133,636,3.79,502.45,0,1,4,2,2,Estándar,0.37792147041608093,0
MAN-0991,MQ-033,Trujillo,Empacadora,Noche,74.6,4.64,6.49,7019,8.0,138,657,1.07,487.67,0,2,1,1,2,Estándar,0.6675951468055027,1
MAN-0992,MQ-005,Trujillo,Inyectora,Noche,67.2,5.08,5.66,10885,6.7,164,989,1.78,533.31,0,2,2,1,2,Estándar,0.5064529848151537,1
MAN-0993,MQ-083,Trujillo,Prensa,Tarde,72.2,4.79,8.11,10383,7.7,127,556,2.7,582.51,1,2,3,2,1,Alerta,0.6931177342362952,1
MAN-0994,MQ-070,Arequipa,Inyectora,Tarde,70.0,3.54,6.82,6328,4.9,2,760,0.1,685.31,0,0,2,2,2,Estándar,0.1579109384688014,0
MAN-0995,MQ-137,Trujillo,Prensa,Noche,80.8,2.53,5.87,296,3.3,130,853,3.35,480.56,0,2,3,1,0,Eficientes,0.4001495930723727,0
MAN-0996,MQ-163,Lima,Empacadora,Mañana,77.0,1.72,5.59,7757,3.7,211,914,1.54,690.43,0,1,1,0,2,Estándar,0.33245196735272353,0
MAN-0997,MQ-111,Lima,Compresor,Mañana,66.2,4.8,7.26,4676,3.5,41,717,3.92,509.92,0,1,0,0,0,Eficientes,0.20263576201755668,0
MAN-0998,MQ-012,Lima,Inyectora,Mañana,65.6,3.18,8.12,10941,6.2,192,821,2.84,535.45,0,1,2,0,2,Estándar,0.41939329361663347,0
MAN-0999,MQ-105,Trujillo,Compresor,Noche,77.8,4.38,4.71,7448,8.5,26,945,1.55,598.57,0,2,0,1,1,Alerta,0.3236038035178658,0
MAN-1000,MQ-079,Arequipa,Empacadora,Mañana,64.1,7.18,7.81,9556,7.8,186,1001,3.15,594.95,1,0,1,0,2,Estándar,0.8215582680846054,1
